market_code,country_name,source_type,source_name,source_url,coverage_start,observable_primary,observable_secondary,preferred_treatment_use,automation_difficulty,status_note
USA,United States,certification,RIAA Gold & Platinum,https://www.riaa.com/gold-platinum/,1958,certification_date,award_level,secondary_hit_intensity,medium,Searchable and official but certification timing may lag original demand shocks
GBR,United Kingdom,chart,Official Charts,https://www.officialcharts.com/who-we-are/how-to-search-our-database/,1952,chart_entry_date,peak_and_weeks,primary_hit_timing,medium,Deep searchable archive and chart-type selection
DEU,Germany,chart,Offizielle Deutsche Charts,https://www.offiziellecharts.de/suche?artist_search=Pantera&do_search=do,1962,chart_entry_date,peak_and_weeks,primary_hit_timing,medium,Search pages show entry date peak and weeks without raw sales
ITA,Italy,chart,FIMI Top of the Music archive,https://www.fimi.it/top-of-the-music/archivio-classifiche-settimanali/,1995,weekly_chart_presence,annual_chart_presence,primary_hit_timing,low,Digitized official archive from 1995 makes this a strong starter market
BRA,Brazil,mixed_manual_supplement,Pro-Musica Brasil plus manual supplements,https://pro-musicabr.org.br/home/certificados/,2000,manual_chart_or_certification_hit_year,official_band_or_secondary_trace,manual_home_market_extension,high,Direct Pro-Musica retrieval is blocked in this environment so Brazil currently needs a manual supplement using official band announcements or clearly labeled secondary traces
SWE,Sweden,chart,Sverigetopplistan,https://sverigetopplistan.se/chart/,1975,weekly_chart_presence,chart_run,primary_hit_timing,medium,Official archive based on Swedish consumer sales
AUS,Australia,chart_plus_certification,ARIA,https://www.aria.com.au/aria-chart-weekly-pdfs,1988,weekly_chart_pdf,accreditation,primary_hit_timing_plus_secondary_intensity,medium,Public weekly PDFs plus accreditation records
FRA,France,chart,SNEP,https://snepmusique.com/top-radios/a-propos-des-tops/,1984,weekly_chart_file,methodology,possible_extension,high,Feasible official path but archive automation looks more awkward
COMM,Commercial fallback,commercial,Luminate Music,https://luminatedata.com/music/,unknown,country_consumption_by_report_date,album_level_metrics,best_sales_panel_if_budget_exists,low,Commercial rather than low-friction open access
