t,price,births,fertility_rate,young_share,old_share,theta,average_age,n_home,young_homeownership_proxy,old_homeownership_proxy,aggregate_homeownership_proxy,age_share_15,age_share_25,age_share_35,age_share_45,age_share_55,age_share_65,age_share_75,age_share_85,boom_generation_age,parent_generation_age,child_generation_age,boom_generation_homeownership_proxy_level,parent_generation_homeownership_proxy_level,child_generation_homeownership_proxy_level,boom_generation_housing_burden_proxy_level,parent_generation_housing_burden_proxy_level,child_generation_housing_burden_proxy_level
0,0,0.3485,0.85,0.27,0.32,0.4475,47.4,0,0.386296296296296,0.7288,0.4863,0.14,0.13,0.14,0.14,0.13,0.12,0.11,0.09,-4.5,20.5,-29.5,NaN,0.2015,NaN,NaN,1,NaN
1,-0.01511125,0.27782496410898,0.85,0.389547893457809,0.283599207590449,0.396807102812733,42.8219163799395,0.3485,0.385926100035934,0.729171876666579,0.414636740876716,0.279508834404049,0.11003905905376,0.103743092482536,0.111723330365808,0.111386476103398,0.103221770409759,0.0948004138495224,0.0855770233311678,-3.5,21.5,-28.5,NaN,0.235607197974087,NaN,NaN,0.995009247169075,NaN
2,-0.0217585392092159,0.233220797334164,0.85,0.467900977661559,0.257721613710013,0.361764305689778,40.873601056638,0.62632496410898,0.37287323638245,0.730366710059907,0.410927201654941,0.23560684198833,0.232294135673229,0.09285099885016,0.0875384599217799,0.0939879498564885,0.0935156486009283,0.0862232056692747,0.0779827594398102,-2.5,22.5,-27.5,NaN,0.269476453190476,NaN,NaN,0.999016570853269,NaN
3,-0.0222162951832205,0.305093072414499,0.85,0.405954215751693,0.235112757878308,0.350708349727723,40.549912560304,0.511045761443145,0.387891380378657,0.731478016318572,0.413939017397192,0.203994405212307,0.201959810539385,0.202167950112979,0.0808091691556326,0.0759559071013876,0.0813876205972348,0.0805696545610817,0.0731554827199914,-1.5,23.5,-26.5,NaN,0.302922181318516,NaN,NaN,0.997023972945109,NaN
4,-0.0286345196698971,0.335789361959234,0.85,0.413671717668306,0.19128197414436,0.310103019079678,39.0006854832896,0.538313869748663,0.388794978023665,0.729632355561955,0.388184494864164,0.24991381898582,0.163757898682485,0.164606113139317,0.164775756030683,0.065664439017335,0.061596306862471,0.0656678060791244,0.0640178612027645,-0.5,24.5,-25.5,NaN,0.337153748507995,NaN,NaN,0.993966315595822,NaN
5,-0.0368409746655956,0.330607913555087,0.85,0.460780884905722,0.150268628558881,0.266124632967135,37.6217203854734,0.640882434373734,0.382790156100279,0.717997391403376,0.385129844596377,0.2664439685787,0.194336916327022,0.129289810242068,0.129959490831833,0.129701185461495,0.0515827383212719,0.0481426358749188,0.0505432543626902,0.5,25.5,-24.5,NaN,0.358525571873663,NaN,NaN,0.995450873076181,NaN
6,-0.0437691374334375,0.302144367541005,0.85,0.46645143486209,0.178084603324962,0.290308427763152,37.255247728403,0.666397275514322,0.385500517501519,0.730828795181959,0.390136580634953,0.260616090526573,0.205835344335518,0.152428567723473,0.10140873370284,0.101626660386635,0.101220183669755,0.0400524055324512,0.0368120141227558,1.5,26.5,-23.5,NaN,0.366423793208416,NaN,NaN,0.998211497183796,NaN
7,-0.0490405963386428,0.309870268187766,0.85,0.444693293771968,0.190753449536542,0.304974110517093,38.0951308684432,0.632752281096093,0.387546451106436,0.730996626415975,0.398085278115683,0.240986500104653,0.203706793667315,0.16335079132795,0.120967209198186,0.0802352561653536,0.0802455689284691,0.0795209506337258,0.0309869299743471,2.5,27.5,-22.5,NaN,0.374078672419666,NaN,NaN,0.99882807215879,NaN
8,-0.055550312268253,0.325557362286041,0.85,0.431013051573749,0.185978286913261,0.302728500485872,38.8422959943987,0.612014635728772,0.389562337838133,0.725150460388971,0.395259402795983,0.244595367196635,0.186417684377115,0.159991500951222,0.128295860023258,0.0947213005385091,0.0627001755866069,0.0623915262831132,0.0608865850435406,3.5,28.5,-21.5,NaN,0.381880611296965,NaN,NaN,0.998408711718755,NaN
9,-0.063679815556831,0.320088663934278,0.85,0.451032006975714,0.172393094278077,0.287498983803912,37.8236113899326,0.635427630473808,0.388856912861532,0.726852909924155,0.389559079974688,0.25976820743036,0.191263799545354,0.148002368698107,0.12702186056793,0.101550669480172,0.0748240692541749,0.0492791790109795,0.0482898460129227,4.5,29.5,-20.5,NaN,0.38987348613427,NaN,NaN,1.00001312928653,NaN
10,-0.0716459136860489,0.312661353177436,0.85,0.455981148365587,0.176181965543312,0.290166596734142,37.6973476112675,0.645646026220319,0.389318974453424,0.728169322159471,0.393808023042345,0.253983248793955,0.201997899571632,0.151004760947121,0.116849410907816,0.0999827142361646,0.0797724197677313,0.0584806692749524,0.0379288765006281,5.5,30.5,-19.5,NaN,0.397815687917747,NaN,NaN,1.00079342345488,NaN
11,-0.0794923994721634,0.314393302696278,0.85,0.444627056480873,0.185498469758801,0.30025456431079,38.1887191412332,0.632750017111714,0.391656326042464,0.729317307684286,0.396639973777249,0.247554090329042,0.19707296615183,0.159135047359729,0.118962374538668,0.0917770518619298,0.0783711140620019,0.0622135379992873,0.0449138176975113,6.5,31.5,-18.5,NaN,0.405711530543846,NaN,NaN,0.999122806761723,NaN
12,-0.0880690536130221,0.319256267857383,0.85,0.44282112000962,0.1815832707464,0.297001775670317,38.2282970721526,0.627054655873714,0.392799334493564,0.728012479647488,0.395508346412488,0.249947785325307,0.192873334684313,0.15589282996687,0.125882374250699,0.0938204050264111,0.0722346053597352,0.0613717147658683,0.0479769506207966,7.5,32.5,-17.5,NaN,0.413667885641361,NaN,NaN,0.997274125985701,NaN
13,-0.0975444856349043,0.318427909919094,0.85,0.447900340262689,0.177478589244259,0.29254567928043,38.03498081576,0.633649570553661,0.393518845606688,0.727728217284315,0.394772885451259,0.253445053304139,0.194455286958551,0.152349017150041,0.123138428985346,0.0991336243576646,0.0737355433470181,0.0564840620851024,0.0472589838121386,8.5,33.5,-16.5,NaN,0.421700312681527,NaN,NaN,0.996003456096381,NaN
14,-0.107473131705341,0.315293371089103,0.85,0.449991274918042,0.179075347330072,0.293669121359358,37.9339296224366,0.637684177776477,0.394731148551075,0.729037336989564,0.395995876049109,0.252803024397261,0.197188250520781,0.153608049753933,0.12034661423906,0.0969787137588937,0.0779161200499437,0.0576612767483577,0.0434979505317706,9.5,34.5,-15.5,NaN,0.429746852950721,NaN,NaN,0.993950896797134,NaN
15,-0.11776249724443,0.315963097172176,0.85,0.446802714965555,0.181475994243651,0.296307987574452,38.0785713314478,0.633721281008197,0.396366288252861,0.729271070044747,0.397688412859838,0.250202206585518,0.196600508380037,0.155697059365701,0.121286747960002,0.0947374834650923,0.076188234499129,0.0609031624143318,0.0443845973301899,10.5,35.5,-14.5,NaN,0.437215135309692,NaN,NaN,0.985573939509011,NaN
16,-0.128772070389569,0.317657426339113,0.85,0.445392455964777,0.180892924812737,0.295994763936747,38.1379591110596,0.631256468261279,0.397944023239705,0.729067386267677,0.397877010410372,0.250779214405407,0.19461324155937,0.155261183591009,0.122958531073732,0.0954949045577445,0.0744410026735589,0.0595633774296488,0.0468885447095293,11.5,36.5,-13.5,NaN,0.44412346130207,NaN,NaN,0.972089319325171,NaN
17,-0.14061111670804,0.31734200573042,0.85,0.447457237214148,0.179199226632416,0.294160718387052,38.0429442880225,0.633620523511289,0.399301326727336,0.72924224359567,0.397994693946633,0.252276894413961,0.195180342800188,0.153784983510252,0.122688663767216,0.0968698888759678,0.0750816584063812,0.0582326974381077,0.045884870787927,12.5,37.5,-12.5,NaN,0.451045569379196,NaN,NaN,0.958663197907672,NaN
18,-0.153163985830764,0.316379416522684,0.85,0.448129808660006,0.179659113078014,0.294473730471211,38.0199697782882,0.634999432069534,0.400913760133997,0.729742653557309,0.399070634610049,0.25189004975273,0.196239758907275,0.154149672731811,0.121456415841224,0.0966049896889462,0.0761215189953286,0.0587020863769709,0.0448355077057141,13.5,38.5,-11.5,NaN,0.457958570515442,NaN,NaN,0.944593802739601,NaN
19,-0.166444600171457,0.316493067345797,0.85,0.447039921527039,0.180615293360259,0.434897775795178,38.0659094615056,0.633721422253104,0.402791477103882,0.730129645940479,0.40019583547578,0.251111999295475,0.195927922231564,0.154977741435812,0.121737655284899,0.0956293883919907,0.0759091272297135,0.0595117774376786,0.0451943886928673,14.5,39.5,-10.5,NaN,0.464855022855367,NaN,NaN,0.929698587630605,NaN
20,-0.167639062027366,0.317089696003597,0.85,0.44661208308677,0.180341215732527,0.545845267339851,38.08325619915,0.63287248386848,0.402975044592301,0.729982322889514,0.400132116063327,0.251251231627834,0.195360851458937,0.154761671473176,0.122415498682199,0.0958695310253279,0.0751571963223509,0.0593573121211846,0.0458267072889915,15.5,40.5,-9.5,0.0369596618968654,0.470392835078868,NaN,0.84686262633065,0.926216227075377,NaN
21,-0.158597536798588,0.317024288239352,0.85,0.447203440523895,0.179826808606279,0.638581916244324,38.0579296800255,0.633582763349394,0.401717615298128,0.729745820284749,0.399379711529282,0.25173016109181,0.195473279432086,0.154316990215892,0.122247395853212,0.0964053648007222,0.0753475129120656,0.058770573043664,0.045708722650549,16.5,41.5,-8.5,0.0708713368286776,0.474887757161574,NaN,0.856984006467319,0.932425659859655,NaN
22,-0.14055784881884,0.316674752822885,0.85,0.447504442328734,0.179937024938461,0.760673189638362,38.0449435456881,0.63411398424295,0.399304712593167,0.72945518625023,0.398347809792481,0.251667168172932,0.195837274155802,0.154399008121904,0.12189077860112,0.096268746009782,0.0757653132443305,0.0589168037538478,0.0452549079402823,17.5,42.5,-7.5,0.104949982268654,0.478572338613437,NaN,0.875057095848401,0.947125650785666,NaN
23,-0.110832043443909,0.316711138049819,0.85,0.447143573548784,0.180255087569076,0.895329321106602,38.0612555826633,0.633699041062237,0.395411853588321,0.728837493373926,0.396654488271334,0.251370361206033,0.195773212342751,0.154674622696661,0.121946184294797,0.0959805318906826,0.0756521261932004,0.0592389405139947,0.0453640208618811,18.5,43.5,-6.5,0.138679293007935,0.481297379518391,NaN,0.90399324834444,0.973239119957359,NaN
24,-0.0686599472149797,0.316908704195443,0.85,0.446967601391541,0.180198628966762,0.95,38.0682820213195,0.633385890872704,0.389878114145315,0.727879747954279,0.394039096404032,0.251413886714343,0.195553714677198,0.154633032516815,0.12217098383769,0.0960297532871929,0.0754300285519896,0.0591538879040715,0.0456147125107005,19.5,44.5,-5.5,0.171381297775713,0.483126649216742,NaN,0.945568400812443,1.01260237895479,NaN
25,-0.0215105844998871,0.316896237097547,0.85,0.447175724316005,0.180005173216293,0.95,38.059077357533,0.633619842245262,0.383688575190437,0.726841745257227,0.391110493092809,0.251580525536908,0.195595198779097,0.154465680903005,0.122142894075085,0.0962105274896123,0.0754716526385766,0.0589825242524112,0.0455509963253054,20.5,45.5,-4.5,0.20272276585194,0.492827919451268,NaN,0.993988212576679,1.0570187615245,NaN
26,0.0258539625866499,0.316779980311556,0.85,0.447277190082506,0.180040480139192,0.95,38.0550559949734,0.633804941292989,0.377524653356425,0.725847131074545,0.388274261587787,0.251560347874975,0.195716842207531,0.1544921350746,0.122005718889903,0.0961844758137982,0.0756106366119486,0.0590126605347359,0.0454171829925074,21.5,46.5,-3.5,0.232614069585151,0.510932870641181,NaN,1.04509952228968,1.10162554970379,NaN
27,0.073412876335853,0.316783670956919,0.85,0.447163671760808,0.18014965652517,0.95,38.0599623792754,0.633676217409103,0.371397134886807,0.724827695380593,0.38545600767942,0.251464948459158,0.19569872330165,0.154586302966343,0.122025103865284,0.0960752648823961,0.0755892275358016,0.0591206030368129,0.0454398259525552,22.5,47.5,-2.5,0.260899770104342,0.529517008649655,NaN,1.09902905858627,1.1482285945202,NaN
28,0.121138477003475,0.316852583902539,0.85,0.447099273484303,0.180132980748005,0.95,38.0626535963333,0.633563651268476,0.365284613863325,0.723769269879328,0.382593392826609,0.251471751757642,0.195627521726661,0.154574372831964,0.122101362882181,0.096092010053547,0.0755045641610828,0.0591047735318553,0.0455236430550665,23.5,48.5,-1.5,0.287489727180222,0.548615101467996,NaN,1.155918978243,1.19693173718949,NaN
29,0.169029291047199,0.316851250491646,0.85,0.447164119080912,0.180069703870093,0.95,38.059783903855,0.633636254859458,0.359184513095698,0.722717205600914,0.379724672988423,0.251529183740305,0.195634935340607,0.154519808864239,0.122093263434976,0.0961531047497798,0.0755185427541492,0.0590392135699834,0.0455119475459607,24.5,49.5,-0.5,0.312347656723577,0.568251786704833,NaN,1.21594746437806,1.24784751678727,NaN
30,0.217089816228872,0.316811491873048,0.85,0.447203955912394,0.18007664188402,0.95,38.0581273581357,0.633703834394184,0.353113833530582,0.721676984395522,0.376891843082853,0.251525996706161,0.195677959206233,0.154524356983316,0.122049132300224,0.0961459129200463,0.0755659174970679,0.0590496441341551,0.0454610802527972,25.5,50.5,0.5,0.324567838931774,0.588442860577849,NaN,1.28276659574333,1.30106252664783,NaN
31,0.265309699756988,0.316811291888716,0.85,0.44716624596325,0.180114587108848,0.95,38.0598129139048,0.633662742364694,0.347080054000434,0.720624260293061,0.3740747380038,0.251492371627566,0.195673874335684,0.154557071703254,0.122051723244918,0.0961103719797295,0.0755596455305565,0.0590862027062088,0.0454687388720828,26.5,51.5,1.5,0.325545750418828,0.60919583284962,NaN,1.35702367117164,1.35666163225251,NaN
32,0.313674928175267,0.316834258931077,0.85,0.447142767326641,0.180111045695621,0.95,38.0607697317238,0.633622783761764,0.341077194465865,0.71955465232784,0.371250697449177,0.251493809459077,0.195648957867565,0.154554826426944,0.122078338108507,0.0961130224422873,0.0755321939419364,0.0590816736292156,0.0454971781244688,27.5,52.5,2.5,0.326662318837929,0.630508183413685,NaN,1.43563348041168,1.41474674965029,NaN
33,0.362180764782123,0.316835109774077,0.85,0.447163912848987,0.180088899181511,0.95,38.0598371469374,0.633645550819794,0.335105408320309,0.718482459148841,0.368432975718491,0.251513051008838,0.195650861840149,0.154535766282212,0.12207705471485,0.096134366972439,0.0755345801357462,0.0590604457442287,0.0454938733015366,28.5,53.5,3.5,0.327923536321099,0.652365878973875,NaN,1.51885929468133,1.47542811364146,NaN
34,0.410825010361186,0.316821662344371,0.85,0.447178047061457,0.180090585474577,0.95,38.059253431125,0.633669368705154,0.329172512018425,0.7174116849903,0.365635965490205,0.25151287698997,0.195665170071487,0.154536748235262,0.122061587578435,0.0961330316502688,0.0755510994970476,0.0590621120938331,0.0454773738836967,29.5,54.5,4.5,0.32933501453453,0.674743026031224,NaN,1.60697048832415,1.5388147024828,NaN
35,0.459600600684325,0.316820866038073,0.85,0.447166236292914,0.180103333074058,0.95,38.0597749407746,0.633656772118447,0.323282580571879,0.716333405538524,0.362854596945815,0.251501639354252,0.195664596938662,0.154547703966966,0.12206209009787,0.0961206365681919,0.0755498810544029,0.059074896771112,0.0454785552485436,30.5,55.5,5.5,0.330902922149575,0.688900203003652,NaN,1.70024296977327,1.60903987800907,NaN
36,0.508499266896408,0.316828688695303,0.85,0.447157589576087,0.180102776664734,0.95,38.0601363103647,0.633642528382444,0.317435178635805,0.715245472937378,0.360082034567925,0.251501416537259,0.195656173038828,0.154547502795791,0.122070942237984,0.096121188725405,0.0755402628371505,0.0590740401883396,0.0454884736392436,31.5,56.5,6.5,0.332633521390981,0.694636296669922,NaN,1.79897671238577,1.68685851540383,NaN
37,0.557515864831673,0.316829314803584,0.85,0.447164319882344,0.180095309760498,0.95,38.0598356342041,0.633649554733376,0.311631610663137,0.714153383929023,0.35732245908952,0.251508016613219,0.195656303269125,0.154541088878858,0.122070972740687,0.0961283087376128,0.0755408139776772,0.0590666111470772,0.0454878846357439,32.5,57.5,7.5,0.334532667056268,0.700588933078281,NaN,1.90349442758235,1.76864194522767,NaN
38,0.606646432949503,0.316824800155227,0.85,0.447169505005314,0.180095435988537,0.95,38.0596201940194,0.633658003498887,0.305875812276655,0.713058630516753,0.354581501707848,0.25150826253307,0.195661242472243,0.15454103745031,0.122065784771515,0.0961282367843242,0.0755463341091706,0.0590669831241887,0.0454821187551781,33.5,58.5,8.5,0.336606073674574,0.706752384795341,NaN,2.01413036148202,1.85459311803083,NaN
39,0.655885546077428,0.316824314817694,0.85,0.44716569709387,0.180099814885313,0.95,38.0597902786971,0.633654114958811,0.300170576476962,0.711958258017858,0.351858292605743,0.251504445055199,0.195661252038671,0.154544795173133,0.122065630764814,0.0961240620828695,0.0755462073877539,0.0590712445628339,0.0454823629347253,34.5,59.5,9.5,0.338859637985723,0.713120204716687,NaN,2.13123426085068,1.94492280202106,NaN
40,0.705227400382942,0.316826930894547,0.85,0.447162609997228,0.180099824244481,0.95,38.0599184504588,0.633649114972921,0.29451692214645,0.710851393930918,0.349151004945455,0.25150421051066,0.195658399486569,0.15454489535022,0.122068671993535,0.0961239984145355,0.0755429718061549,0.0590711808789318,0.0454856715593947,35.5,60.5,10.5,0.341235201944612,0.719685160382469,NaN,2.24442187156952,2.03985201227667,NaN
41,0.754667370185654,0.316827281480318,0.85,0.447164734038602,0.180097287749259,0.95,38.0598238506667,0.633651245712241,0.288916372884191,0.709739984932987,0.346461393419268,0.251506416471511,0.195658317567091,0.15454272165133,0.122068813848099,0.0961264427127092,0.0755429605898552,0.0590686812633197,0.0454856458960844,36.5,61.5,11.5,0.343826975137832,0.726439179571189,NaN,2.35250961822343,2.13961454065677,NaN
42,0.804201390668017,0.31682576321416,0.85,0.447166588976378,0.180097219006963,0.95,38.059746274435,0.633654212374865,0.283371310864046,0.708624780272223,0.34379178085297,0.251506616315572,0.195659972660807,0.154542608734633,0.122067058849963,0.0961265244320637,0.0755448579738603,0.0590686540657372,0.0454837069673653,37.5,62.5,12.5,0.3467348241334,0.733373353282873,NaN,2.46601099989457,2.24445646678223,NaN
43,0.853825039874066,0.3168255246557,0.85,0.447165399153742,0.18009868948661,0.95,38.0597995577218,0.633653044694478,0.27788368197243,0.707504768000343,0.341142435072585,0.251505332302869,0.195660066850874,0.154543867624544,0.1220669314313,0.0961251123038033,0.0755448985363077,0.0590701191705517,0.0454836717797506,38.5,63.5,13.5,0.349965399257564,0.740477938799362,NaN,2.5851933929183,2.35463532024943,NaN
44,0.903533857280128,0.316826401590018,0.85,0.447164286799298,0.180098770153622,0.95,38.0598461732603,0.63365128786986,0.272454755305531,0.706379648326538,0.338513151539917,0.251505185629313,0.195659101169985,0.154543968260178,0.122067946502218,0.0961250282846843,0.0755438015844218,0.0590701609162131,0.0454848076529869,39.5,64.5,14.5,0.353525576694332,0.747742343777529,NaN,2.71033983182282,2.47042123676159,NaN
45,0.953323877789855,0.316826561566342,0.85,0.447164955357501,0.18009791338798,0.95,38.059816082625,0.633651926245719,0.267085867974776,0.705250163240294,0.335904834229543,0.251505930431979,0.195659024925522,0.15454323541245,0.122068049610722,0.0961258462313486,0.0755437501725188,0.0590693146162998,0.0454848485991609,40.5,65.5,15.5,0.357422380738531,0.749929648831465,0.0339888506284043,2.84174797423116,2.59431854173396,2.59801554950172
46,1.00319145055126,0.316826055851218,0.85,0.44716561728155,0.180097846422899,0.95,38.0597883729078,0.63365296315636,0.261778595351474,0.704116658276647,0.333318626105399,0.251506032402241,0.195659584879309,0.154543159813773,0.122067458618764,0.0961259178630133,0.0755443854727851,0.0590692685391448,0.0454841924109693,41.5,66.5,16.5,0.361662974701224,0.746970434124746,0.0613804880697379,2.97972872546457,2.72697094857239,2.73861805876704
47,1.05313291139913,0.316825949770944,0.85,0.447165244796125,0.180098343708646,0.95,38.0598051440815,0.63365261741756,0.256534313097122,0.702978843152172,0.33075497822759,0.251505602625094,0.195659642171031,0.154543584693102,0.122067385158523,0.0961254416436036,0.0755444332591976,0.059069758641204,0.0454841518082448,42.5,67.5,17.5,0.366254653859594,0.744070213098497,0.0857073012049989,3.12460790193768,2.86661792459669,2.88700458389522
48,1.10314467223739,0.316826241765305,0.85,0.447164850862422,0.180098394119572,0.95,38.0598216753851,0.633652005622163,0.251354093571619,0.701836638299732,0.328214130656,0.251505532263984,0.195659318598439,0.154543638455028,0.122067727474823,0.0961253890881547,0.0755440631625722,0.0590697992589281,0.0454845316980718,43.5,68.5,18.5,0.371204787719002,0.741230354891828,0.107101852096109,3.27672826674593,3.0136280110651,3.04360479187948
49,1.15322340340074,0.316826310631068,0.85,0.447165057387898,0.180098106575552,0.95,38.059812353786,0.633652191536249,0.24623896190846,0.700690352346011,0.325696649880451,0.251505780632489,0.195659276755409,0.154543393063006,0.122067777983834,0.0961256649897097,0.0755440268383315,0.0590695137653664,0.0454845659718538,44.5,69.5,19.5,0.376520746760215,0.738452166013136,0.125716039526917,3.43644980146552,3.16838946443088,3.20887234282177
50,1.20336597664223,0.316826142287973,0.85,0.447165292137736,0.180098069876413,0.95,38.059802472642,0.633652552396373,0.241189962846436,0.699540170212803,0.323203174244131,0.251505827911496,0.19565946422624,0.154543355472788,0.122067580572546,0.0961257019405174,0.0755442414474311,0.0590694836273535,0.0454843448016284,45.5,70.5,20.5,0.390514913514122,0.735736891613557,0.141713311830013,3.59783669412651,3.33131118799658,3.38328597480252
51,1.25356934865681,0.316826098194353,0.85,0.447165177524768,0.18009823636423,0.95,38.059807673122,0.633652452919041,0.236208017829271,0.698386038111071,0.320734100774568,0.251505684287911,0.195659493236856,0.154543497411063,0.122067546033905,0.0961255426660347,0.0755442674866421,0.0590696490889574,0.0454843197886301,46.5,71.5,21.5,0.413593295837267,0.733085717068283,0.155263229038663,3.7602526585685,3.50282346880665,3.56735054845086
52,1.3038305820244,0.316826195015476,0.85,0.447165038083785,0.180098261898007,0.95,38.0598135471982,0.633652240482326,0.23129388533605,0.697227967791438,0.318289721603752,0.251505653387643,0.195659384696143,0.15454352284626,0.122067660136353,0.096125517035594,0.0755441435466152,0.0590696704131036,0.0454844479382885,47.5,72.5,22.5,0.437597109752588,0.730499768547048,0.166537886170341,3.92998568554896,3.68337916433603,3.76159865154268
53,1.35414690490858,0.316826223073047,0.85,0.447165101458336,0.180098165514551,0.95,38.059810660843,0.633652293209829,0.226448246693361,0.696066110804466,0.315870409443489,0.251505736183126,0.195659365275209,0.154543440761909,0.122067683107656,0.0961256091575493,0.0755441251869069,0.0590695748959325,0.0454844654317111,48.5,73.5,23.5,0.462528971132096,0.727980113562331,0.175709773701085,4.10734830304371,3.87345512118697,3.96659231276379
54,1.4045156916877,0.316826167420187,0.85,0.447165184077132,0.180098148369707,0.95,38.0598071771185,0.633652418088523,0.221671734841944,0.694900580418647,0.313476545032008,0.251505756169674,0.195659427907458,0.154543424017194,0.122067617162867,0.0961256263731003,0.0755441968979233,0.0590695600031033,0.0454843914686808,49.5,74.5,24.5,0.488375985839135,0.725527762148823,0.182950731444935,4.29266503694529,4.07355340767925,4.18292449035586
55,1.4549344193724,0.316826149709531,0.85,0.447165149267678,0.180098204015226,0.95,38.0598087674626,0.633652390493234,0.216964888705063,0.693731401866939,0.311108410837406,0.251505708515381,0.195659440752297,0.154543471352302,0.122067602250091,0.0961255731147032,0.0755442093835455,0.0590696152592149,0.0454843793724657,50.5,75.5,25.5,0.515107714088353,0.715405387366885,0.187037524193593,4.48627286600803,4.28420249570069,4.42319031863351
56,1.50540066978407,0.316826181679324,0.85,0.447165100320666,0.180098215350718,0.95,38.0598108355886,0.633652317129718,0.212328139680547,0.692558617997639,0.308766231212867,0.251505695685082,0.195659404635585,0.154543482253065,0.122067640234636,0.0961255618409157,0.0755441678974113,0.0590696253106195,0.0454844221426867,51.5,76.5,26.5,0.542674222659699,0.697629050420771,0.189409131581979,4.68852173487611,4.50595867013928,4.68977289519881
57,1.55591214709168,0.316826192762544,0.85,0.447165119369851,0.18009818326245,0.95,38.0598099607932,0.633652331388855,0.2077618417566,0.69138232198403,0.306450235427369,0.251505723117672,0.195659396252179,0.154543454988092,0.122067649841636,0.0961255925379716,0.0755441596544199,0.0590695933541503,0.0454844302538795,52.5,77.5,27.5,0.571004362022028,0.679942488816646,0.191916287013094,4.89977491315684,4.73940759098639,4.97211632156231
58,1.60646666940944,0.316826174429419,0.85,0.447165148337817,0.180098175862867,0.95,38.0598087349269,0.633652374441868,0.20326628416558,0.690202594722957,0.304160638097222,0.251505731256971,0.195659417080845,0.154543447961516,0.122067627986351,0.0961255998514497,0.0755441835810364,0.059069586754033,0.045484405527798,53.5,78.5,28.5,0.600004427351828,0.662345354510397,0.194565471933147,5.12040931791307,4.98516583374657,5.27113688672293
59,1.65706215104886,0.316826167532219,0.85,0.447165137950408,0.180098194364628,0.95,38.0598092148095,0.633652367191963,0.198841678560715,0.689019484152532,0.301897604047878,0.251505715485336,0.195659422465072,0.154543463664641,0.122067621845056,0.096125582175267,0.0755441889626989,0.0590696051766354,0.0454844002252934,54.5,79.5,29.5,0.629557374070735,0.644836559572283,0.197363324623689,5.35081590253003,5.24388245783035,5.58780332899413
60,1.7076965998825,0.316826178029896,0.85,0.447165120841821,0.180098199123008,0.95,38.0598099395305,0.633652341961638,0.194488155707934,0.687833042148096,0.299661260147848,0.25150571036796,0.195659410473861,0.154543468137294,0.122067634421986,0.0961255774758907,0.0755441751786333,0.0590696094687107,0.0454844144756636,55.5,80.5,30.5,0.648854708021226,0.62741428588064,0.200316656412226,5.60541749884131,5.51624072322472,5.92313988481072
61,1.75836812078132,0.316826182303027,0.85,0.44716512646788,0.180098188469736,0.95,38.0598096781288,0.633652345562115,0.190205777212124,0.686643337882526,0.297451717336967,0.251505719417745,0.195659407050134,0.154543459106147,0.122067638302471,0.0961255876537668,0.0755441717006304,0.0590695988589194,0.0454844179101859,56.5,81.5,31.5,0.657720533490374,0.610075994012293,0.203432465893667,5.88694393415688,5.80295993374756,6.27822945620664
62,1.80907491063594,0.316826176297669,0.85,0.447165136560417,0.180098185442325,0.95,38.0598092500354,0.633652360332922,0.185994542085245,0.685450436290069,0.295269065963059,0.251505722618707,0.195659413941711,0.154543456284413,0.122067631076348,0.0961255906364971,0.0755441796419036,0.0590695960944952,0.0454844097059263,57.5,82.5,32.5,0.66678039430419,0.592818431096228,0.206717952340159,6.18279905797627,6.10479733612628,6.65421687741221
63,1.85981524988605,0.316826173663477,0.85,0.447165133535698,0.180098191566094,0.95,38.0598093915345,0.633652358600696,0.181854384551189,0.684254389612318,0.293113364667474,0.251505717430947,0.19565941610475,0.154543461469384,0.122067628643469,0.096125584785355,0.0755441818596881,0.0590696022051777,0.0454844075012285,58.5,83.5,33.5,0.676021692082112,0.575637637336053,0.21018052771599,6.4937102091912,6.42255009495132,7.0523124151323
64,1.91058749909858,0.316826177094354,0.85,0.447165127586646,0.180098193478821,0.95,38.0598096442492,0.633652349961146,0.177785174643682,0.683055250180557,0.29098464436101,0.251505715439894,0.195659412146751,0.154543463239356,0.122067632787424,0.0961255829077535,0.0755441772913816,0.0590696039628074,0.0454844122246315,59.5,84.5,34.5,0.685430699303923,0.558528950924753,0.213827826398805,6.82044154904097,6.75705739777313,7.47379551828042
65,1.96139009793261,0.316826178711092,0.85,0.447165129201519,0.180098189961903,0.95,38.0598095680467,0.63365235075783,0.173786723886766,0.681853075863499,0.288882916279388,0.251505718411061,0.195659410790458,0.154543460265259,0.122067634305644,0.0961255862656747,0.0755441758901749,0.0590696004489125,0.0454844136228157,60.5,85.5,35.5,0.694992562854028,NaN,0.21815431453561,7.16379593200389,NaN,7.88223230828763
66,2.01222156145466,0.316826176754215,0.85,0.447165132703534,0.180098188762095,0.95,38.0598094191051,0.633652355805445,0.169858789464615,0.680647922664194,0.286808171497129,0.251505719642266,0.195659413061268,0.154543459161898,0.122067631931187,0.0961255874412858,0.0755441785134516,0.0590695993410175,0.0454844109076262,61.5,86.5,36.5,0.7046913200203,NaN,0.223260099908885,7.52461685663813,NaN,8.27332955836616
67,2.06308047522082,0.316826175765317,0.85,0.447165131849161,0.180098190779878,0.95,38.0598094598233,0.633652355465306,0.166001075398915,0.679439841392567,0.284760377864708,0.251505717943299,0.195659413905862,0.154543460866087,0.122067630989047,0.0961255855158263,0.0755441793936369,0.0590696013580307,0.0454844100282106,62.5,87.5,37.5,0.71450992793586,NaN,0.228702095958972,7.9037905088809,NaN,8.68398638293537
68,2.11396549208833,0.316826176879889,0.85,0.447165129790411,0.180098191527366,0.95,38.0598095474813,0.633652352519532,0.162213234481039,0.678228882079235,0.282739481773012,0.25150571718527,0.195659412605141,0.15454346154978,0.122067632348216,0.0961255847842265,0.0755441778885426,0.0590696020526046,0.0454844115862193,63.5,88.5,38.5,0.72443030730855,NaN,0.234494519933723,8.30224791696403,NaN,9.1151756100938
69,2.16487532999842,0.316826177482792,0.85,0.447165130237057,0.180098190371424,0.95,38.0598095259448,0.633652352645206,0.158494871885315,0.677015096156121,0.280745411492935,0.251505718155303,0.195659412081754,0.154543460574779,0.122067632929615,0.0961255858871256,0.0755441773391927,0.0590696008957622,0.0454844121364687,64.5,89.5,39.5,0.734433401180912,NaN,0.240652050558064,8.72096721963008,NaN,9.56791816792209
70,2.21580876898118,0.316826176848861,0.85,0.447165131446156,0.180098189908125,0.95,38.0598094743984,0.633652354362681,0.154845548320893,0.675798533961342,0.278778077760367,0.251505718620326,0.19565941282583,0.154543460153033,0.122067632152911,0.0961255863397749,0.0755441782018721,0.0590696004630247,0.0454844112432284,65.5,90.5,40.5,0.738272014795299,NaN,0.24718976966968,9.16882157220224,NaN,10.0432854322188
71,2.26676464777554,0.316826176482467,0.85,0.447165131215901,0.180098190569432,0.95,38.059809485667,0.633652354331653,0.151264782138427,0.674579243456265,0.276837373367986,0.251505718067155,0.195659413148746,0.154543460710063,0.122067631795553,0.096125585709051,0.075544178542605,0.0590696011258434,0.0454844109009833,66.5,91.5,41.5,0.735950578870108,NaN,0.254123088320661,9.64813514811133,NaN,10.5424017028299
72,2.31774186108532,0.316826176842425,0.85,0.447165130506532,0.180098190855321,0.95,38.0598095159456,0.633652353331329,0.147752051598684,0.673357271758243,0.274923174286067,0.251505717782952,0.19565941272358,0.154543460969208,0.122067632238757,0.096125585430182,0.0755441780489229,0.0590696013938318,0.0454844114125657,67.5,92.5,42.5,0.733701885965872,NaN,0.261467655225281,10.1527221442776,NaN,11.0664468064183
73,2.36873935726167,0.316826177064469,0.85,0.447165130623185,0.180098190477439,0.95,38.0598095101268,0.633652353324892,0.144306797657568,0.672132666014269,0.273035341361463,0.251505718097947,0.195659412525238,0.15454346065136,0.122067632457641,0.0961255857903741,0.075544177838548,0.059069601014681,0.0454844116242103,68.5,93.5,43.5,0.731526688203235,NaN,0.269239245446211,10.6839151908938,NaN,11.6166588171332
74,2.41975613580638,0.316826176860433,0.85,0.447165131038872,0.180098190301796,0.95,38.0598094923639,0.633652353906894,0.140928426579527,0.670905472579805,0.271173721120017,0.251505718271046,0.195659412767826,0.154543460492753,0.122067632205049,0.0961255859615309,0.0755441781206686,0.0590696008494408,0.0454844113316863,69.5,94.5,44.5,0.729425684189724,NaN,0.277453627194539,11.2431171868355,NaN,12.1943369053328
75,2.47079124479684,0.316826176726202,0.85,0.447165130981165,0.180098190517421,0.95,38.059809495315,0.633652353924902,0.137616312156133,0.669675736545777,0.269338146182265,0.251505718091978,0.195659412889187,0.154543460673856,0.122067632071473,0.0961255857560851,0.0755441782500433,0.0590696010660211,0.0454844112013568,70.5,95.5,45.5,0.727399520397201,NaN,0.293992228483449,11.8318050030097,NaN,12.7784223184649
76,2.52184377858183,0.316826176841659,0.85,0.447165130737839,0.180098190624916,0.95,38.0598095057244,0.633652353586635,0.134369797914321,0.668443502279794,0.267528436151538,0.251505717986848,0.195659412750991,0.154543460770591,0.122067632215212,0.0961255856514422,0.075544178089014,0.059069601167517,0.0454844113683847,71.5,96.5,46.5,0.725448792539868,NaN,0.319737525965879,12.4515333825258,NaN,13.3666202224922
77,2.57291287569151,0.316826176922609,0.85,0.447165130765453,0.180098190502067,0.95,38.0598095042626,0.633652353567861,0.131188199446872,0.667208813782696,0.265744398699274,0.251505718088482,0.19565941267697,0.154543460667569,0.122067632296463,0.0961255857684484,0.0755441780097743,0.0590696010439491,0.0454844114483432,72.5,97.5,47.5,0.723574046947191,NaN,0.347137741144026,13.1039390479445,NaN,13.9812631688649
78,2.62399771675139,0.316826176857398,0.85,0.447165130907743,0.180098190436495,0.95,38.0598094981684,0.633652353764267,0.128070806645641,0.665971714433997,0.26398583034611,0.25150571815216,0.195659412755583,0.154543460608745,0.122067632214807,0.0961255858322094,0.0755441781015532,0.059069600981853,0.0454844113530887,73.5,98.5,48.5,0.721775781927102,NaN,0.376196479081438,13.7907450241325,NaN,14.6234799946722
79,2.67509752242204,0.316826176808689,0.85,0.44716513089516,0.180098190506382,0.95,38.0598094988699,0.633652353780006,0.125016885754845,0.664732246829861,0.262252517084894,0.251505718094569,0.19565941280059,0.154543460667259,0.122067632165518,0.0961255857656809,0.0755441781499129,0.0590696010522489,0.0454844113042205,74.5,99.5,49.5,0.720054449113351,NaN,0.40688548439606,14.5137651881097,NaN,15.2944434072616
