candidate_id,birth_utility_1,birth_utility_2,birth_utility_3,child_utility,birth_cost,birth_price_coeff,lambda_crowd,birth_rate_p15,birth_rate_p20,birth_rate_p25,birth_rate_p30,birth_decline,vote_p15,vote_p20,vote_p25,vote_p30,vote_sign_changes,vote_low_positive,vote_high_negative,vote_cross,mass_error,share_parity_0,share_parity_1,share_parity_2,share_parity_3plus,parity_rmse,share_home_any_40,share_home_any_50,mean_home_children_40,mean_home_children_50,demo_score,benchmark_score,stage1_demo_rank,stage1_benchmark_rank
1,0.85,1.1,1.2,0.02,0.06,0.24,0.18,0.655462838515147,0.529014660128257,NaN,0.197749834782628,0.45771300373252,0.00321260247661209,0.00116751285691613,NaN,-0.310397903995856,1,1,1,1,1.95399252334028e-14,0.223715646656343,0.255602512782427,0.2927293821062,0.227952458455029,0.0607283625864441,0.718947966240756,0.69570848337294,1.09650232669863,1.26490888045424,-7.13069492238145,-4.17298191864893,NaN,NaN
2,0.42,0.28,0.14,0,0.05,0.085,0.5,0.0415646850580368,0.0332077980235475,NaN,0.0205416552283524,0.0210230298296844,0.119393191929097,0.00109786248506072,NaN,-0.310397903995857,1,1,1,1,1.77635683940025e-14,0.980978016370927,0.0187176241317188,0.000301317192311299,3.04230504359241e-06,0.475565896052021,0.0128684983789341,0.0141133688863101,0.013108670662005,0.0143200074467847,-58.2240520155873,-55.7030289857577,NaN,NaN
3,0.85,1.1,1.2,0.02,0.06,0.24,0.18,0.655462838515147,0.529014660128257,NaN,0.197749834782628,0.45771300373252,0.00321260247661209,0.00116751285691613,NaN,-0.310397903995856,1,1,1,1,1.95399252334028e-14,0.223715646656343,0.255602512782427,0.2927293821062,0.227952458455029,0.0607283625864441,0.718947966240756,0.69570848337294,1.09650232669863,1.26490888045424,-7.13069492238145,-4.17298191864893,NaN,NaN
4,0.95,1.25,1.35,0.03,0.06,0.3,0.22,0.650564974604037,0.483376235682413,NaN,0.102804950894172,0.547760023709865,0.00393691651358341,-0.0204558403622922,NaN,-0.310397903995857,1,1,1,1,7.105427357601e-15,0.329262192727467,0.232649992476366,0.244673394508875,0.193414420287292,0.111309674529534,0.636974817654516,0.598161021994337,0.966416449770023,1.07864101683574,-13.0545143377553,-10.0067543140454,NaN,NaN
5,1,1.3,1.35,0.03,0.08,0.38,0.26,0.422546158426732,0.191309471480708,NaN,0.0154775669142937,0.407068591512438,0.0135092775010329,0.00106084074333407,NaN,-0.310397903995857,1,1,1,1,1.06581410364015e-14,0.762034385733872,0.153247975891962,0.0646577698024461,0.0200598685717192,0.358359991477642,0.20498406201757,0.194070607299218,0.256886897832772,0.270192535980095,-41.6461570780036,-38.7390884864911,NaN,NaN
6,1.05,1.35,1.4,0.03,0.08,0.4,0.255,0.458775801661287,0.212128927911423,NaN,0.0150577696259837,0.443718032035303,-0.00404186126194001,-1.12566656386703e-05,NaN,-0.310397903995856,0,0,1,0,1.4210854715202e-14,0.730809678853548,0.166548353239391,0.0769804597551797,0.0256615081518815,0.341506836891181,0.235657849004849,0.221109480488281,0.299817997504401,0.314651523772083,-39.3508678060477,-39.4071497740124,NaN,NaN
7,1.1,1.45,1.5,0.04,0.07,0.32,0.28,0.664309290793406,0.513203300171889,NaN,0.127099523490888,0.537209767302518,-0.0913282777424219,-0.0225172365486889,NaN,-0.313637035155652,0,0,1,0,1.77635683940025e-14,0.320200426379959,0.204902283641681,0.268439870370301,0.206457419608059,0.0977761092995902,0.663158076087375,0.614853177162098,1.00680349036674,1.13259789064927,-10.8500073296686,-10.8127975623661,NaN,NaN
8,1.2,1.55,1.6,0.03,0.1,0.45,0.2,0.704244867387417,0.460050709644339,NaN,0.0235501534434676,0.680694713943949,-0.187455096677733,-0.101170814442065,NaN,-0.310397903995857,0,0,1,0,1.4210854715202e-14,0.348829769008692,0.211630816332444,0.265993947501749,0.173545467157115,0.117094732773877,0.631965816634929,0.582724410230584,0.942102714158765,1.04493610896028,-13.3172082601674,-13.1365135462235,NaN,NaN
9,0.996290517558339,1.37982942358563,1.24576915543658,0.0745234850636011,0.0126876802287618,0.299016311140868,0.285078834106301,0.746852362888179,0.66614435233115,NaN,0.296720826659903,0.450131536228277,-0.0748299595834854,-0.0800515310431306,NaN,-0.349148560326919,0,0,1,0,1.77635683940025e-14,0.0555940593668268,0.0910549441598871,0.459794944937217,0.393556051536069,0.105728037064229,0.927742827002074,0.904074964558785,1.48512571776277,1.85627375442709,-13.0539118072257,-13.1037802709975,NaN,NaN
10,1.13291700428857,1.58462662962244,1.87525708353417,0.0588585079594239,0.040042887382422,0.224922718291556,0.185744691419154,0.825596223266207,0.822378580759989,NaN,0.811242179183433,0.0143540440827739,0.0373384900217208,-0.052922530249131,NaN,-0.338740534599587,1,1,1,1,1.77635683940025e-14,6.47914070677058e-08,4.67201762208914e-06,0.00137732803299099,0.99861793515798,0.418386847737223,0.999999180803157,0.999954871659968,2.04804935046693,2.63619722322546,-42.709910700016,-40.1955566559332,NaN,NaN
11,0.983765971508444,1.13260527389688,1.13906600353407,0.0659726986070106,0.0801790965104846,0.377679535412855,0.213990617112669,0.637991264976705,0.388558218227628,NaN,0.0389319833922887,0.599059281584416,-0.0835617759469544,-0.00769945786627763,NaN,-0.310397903995857,0,0,1,0,1.77635683940025e-14,0.339271172941658,0.312744300912565,0.243053173740393,0.104931352405384,0.150098081583919,0.572861961563556,0.564959384667188,0.793498209824358,0.899456606292164,-18.7681979618455,-18.6691386802611,NaN,NaN
12,1.10548586178404,1.38500622229157,1.41948903866751,0.0581898121742052,0.0993122865605871,0.364430422459411,0.223001820511683,0.757366098409231,0.626033905650009,NaN,0.104938002925326,0.652428095483905,-0.0731587223707962,-0.0763421360878783,NaN,-0.313778213888309,0,0,1,0,1.59872115546023e-14,0.0997634705904665,0.148951909372805,0.344316333546204,0.406968286490525,0.0728580423862879,0.870901201264741,0.846828530653894,1.44801095865248,1.74370691882444,-7.59398345037477,-7.44155535489087,NaN,NaN
13,0.997907205575375,1.34180195453346,1.37423163308903,0.0649607630869625,0.0475602845867032,0.245475940770952,0.296636888484879,0.762743928232886,0.690261145087993,NaN,0.399031503177633,0.363712425055252,-0.00165203099180605,-0.069462133110461,NaN,-0.348719916710093,0,0,1,0,1.06581410364015e-14,0.0663330991378402,0.100506289272842,0.323398930528571,0.509761681060746,0.13222810687662,0.913400619826684,0.895486245072963,1.56573867353401,1.94669846121061,-14.3155908440517,-14.4518784189965,NaN,NaN
14,0.821795597500151,1.04658250871304,1.14580905018984,0.0434958149958217,0.168212447723739,0.280735519798814,0.322460147221491,0.181081743259082,0.0848926150937837,NaN,0.0139087049664728,0.16717303829261,0.113648585489299,0.00105998651541189,NaN,-0.310397903995857,1,1,1,1,8.88178419700125e-15,0.911627753775118,0.0732913383932081,0.0124090274731155,0.00267188035855929,0.438815243541705,0.0627673496170733,0.0686672731223167,0.0715229767892353,0.0813474428076761,-52.8271888254921,-50.1600157871995,NaN,NaN
15,1.24998928372743,1.31773965406538,1.21564293748712,0.0364189830108077,0.169357237626393,0.422521777114056,0.286809194499673,0.32134204920369,0.160251952572986,NaN,0.0156280509799679,0.305713998223722,0.042011759005993,0.00105998447927985,NaN,-0.310397903995857,1,1,1,1,8.88178419700125e-15,0.788009871525684,0.181759079257158,0.028163405150038,0.00206764406711969,0.379622141893701,0.136235888028874,0.163404299214339,0.148646090097322,0.185638598584569,-43.2280527532834,-40.4223387550596,NaN,NaN
16,1.16693543242618,1.5162289317875,1.36467931430056,0.0183205371009707,0.0365543630091604,0.335465580367833,0.329069297313369,0.469974476716912,0.327721674033316,NaN,0.0774860950979782,0.392488381618934,0.00583139448389958,-0.00898111395234757,NaN,-0.310397903995856,1,1,1,1,1.06581410364015e-14,0.598109272196003,0.20535811092636,0.165973732940066,0.0305588839375709,0.268778570954683,0.381919733796076,0.340668877774768,0.463048620664352,0.501789532493502,-30.6702629025111,-27.7777745208922,NaN,NaN
17,0.909660248716705,1.43101166482964,1.51697547382243,0.0593232664639262,0.162326463986299,0.51480442259816,0.209322520434352,0.565843206720399,0.0710695120755462,NaN,0.000823455168205586,0.565019751552193,-0.116932735110882,-0.00225187517549985,NaN,-0.310397903995856,0,0,1,0,1.06581410364015e-14,0.893956223164688,0.0549199561148688,0.0331873111679092,0.0179365095525334,0.426210288234722,0.100138364748643,0.0891976824103131,0.139984698723807,0.140780828272323,-51.7700194183729,-51.7049996668207,NaN,NaN
18,1.06970470898423,1.64822136504779,1.73196745181203,0.0561138452626849,0.171812606796063,0.318753552473638,0.221780649365286,0.807448413202842,0.781285221201919,NaN,0.463730605790983,0.343717807411859,-0.0496240507019744,-0.140359778996463,NaN,-0.364746509053899,0,0,1,0,7.105427357601e-15,0.0025417779744579,0.00536794748584737,0.0922343887000988,0.899855885839596,0.356982860342404,0.997072763118095,0.992904809535468,1.98190587121964,2.52822211478029,-37.309440667578,-37.4657228601661,NaN,NaN
19,0.940669209076491,1.47484500977002,1.75332534192065,0.026367766867051,0.167628842746305,0.245536272749783,0.201518906017228,0.803252591938047,0.775096575689357,NaN,0.480371916093064,0.322880675844983,0.0330518192028014,-0.0626116790713315,NaN,-0.359280174400115,1,1,1,1,1.24344978758018e-14,0.012348820299801,0.0150442613226302,0.0898190620572246,0.882787856320344,0.347745094270259,0.987333374211177,0.980308856044454,1.9534914133775,2.48605937492271,-36.1023255359563,-33.2794448601113,NaN,NaN
20,1.08248018523908,1.76992751404579,2.02110797972443,0.0498786258081095,0.141433321697211,0.38296757978358,0.123839007239324,0.81130383148533,0.795464902981309,NaN,0.731925554349,0.0793782771363303,-0.0698417591433327,-0.130365922029645,NaN,-0.40376774773874,0,0,1,0,3.5527136788005e-15,2.17181031805198e-06,1.64527595024182e-05,0.00297626882803643,0.997005106602143,0.417358061762704,0.999991177710984,0.999898545990425,2.0677938484612,2.63456984673262,-42.6229209511787,-43.0435426740424,NaN,NaN
21,1.37912100668288,1.79603415349133,1.89773604656273,0.0787794183579105,0.0858642729343823,0.252241591732155,0.194506631708435,0.828111952891284,0.825549709062728,NaN,0.816496755268461,0.0116151976228234,-0.0494968984375801,-0.0530300136118507,NaN,-0.340933490643913,0,0,1,0,5.32907051820075e-15,3.69584913866388e-09,1.02067782576519e-06,0.00112953534607213,0.998869440280253,0.41854718078695,0.99999982035202,0.999963912962018,2.04627680718834,2.63645228999113,-42.723494188723,-43.2118789911001,NaN,NaN
22,0.834389574035485,1.11678954075276,1.41172491029969,0.0569604187658118,0.115877077190405,0.314013159789652,0.152692714876744,0.786921086668895,0.747174943582342,NaN,0.206792924687731,0.580128161981164,-0.0365805124074551,-0.0555643113486346,NaN,-0.32557737638498,0,0,1,0,1.06581410364015e-14,0.0051231422887757,0.0136061890404956,0.0677917391082973,0.913478929562431,0.366186404756557,0.992507135540039,0.988565067145278,2.03203798809819,2.52983300515505,-37.8871521022263,-37.8070239402452,NaN,NaN
23,0.998541002127362,1.07179614835488,1.10827501292144,0.0651323499303639,0.157710580640808,0.43940984136187,0.133069886346042,0.671495718280566,0.372174195219548,NaN,0.0215407730874688,0.649954945193098,-0.11696704198499,-0.0620751358009677,NaN,-0.310397903995856,0,0,1,0,1.24344978758018e-14,0.233461141104284,0.32617793638875,0.283161030065464,0.157199892441503,0.105128910813134,0.678427966668579,0.661104967002815,1.00052202265673,1.10803848702588,-12.4394852091111,-12.289530263918,NaN,NaN
24,1.31967346489523,1.91565336470317,1.72418243120153,0.00969319177061634,0.139766613869778,0.251436115849663,0.169616382088141,0.804097424504449,0.7812566374554,NaN,0.705321625565229,0.0987757989392202,0.0170038004996515,-0.0843282134332217,NaN,-0.367518572346333,1,1,1,1,1.59872115546023e-14,0.00023562208745153,0.00315518364009041,0.262606819311828,0.734002374960631,0.261582472562839,0.999011401333509,0.9905288754285,1.82382928052742,2.36826890365521,-28.7220267172754,-26.1232509183361,NaN,NaN
25,0.848639710088522,1.10437463882646,1.20838418981509,0.0212297366187675,0.0603504846290853,0.504520174363216,0.285148747145736,0.0578439204659889,0.0109487565661321,NaN,0.00037326943790836,0.0574706510280805,0.118483131961224,0.00105996409350156,NaN,-0.310397903995857,1,1,1,1,1.59872115546023e-14,0.989164437553982,0.010429283977617,0.000380983384190367,2.52950842092317e-05,0.479835073731451,0.006719301140653,0.00808429638946417,0.0069435127475459,0.00838069234000515,-58.8843306992643,-56.3268600482362,NaN,NaN
26,1.34757253549933,1.41159713818892,1.32283048813242,0.0187471085824894,0.131609792320944,0.526785514911602,0.116873128451735,0.60049728761534,0.339658163044847,NaN,0.0186594720494989,0.581837815565841,-0.194102778719533,-0.0691284402857555,NaN,-0.310397903995856,0,0,1,0,1.24344978758018e-14,0.320730797314214,0.430624446921798,0.221246214788786,0.0273985409752026,0.203411566102992,0.529195575603448,0.551577328909104,0.6358502540268,0.744513765598563,-25.0902805751545,-25.0084427595886,NaN,NaN
27,1.3191426983641,1.3884748308412,1.65074006840439,0.0681497018469357,0.0181856490148818,0.526298813562328,0.142738406289809,0.806800549702982,0.766167781949461,NaN,0.0860643223002485,0.720736227402733,-0.18263157427756,-0.153130174603807,NaN,-0.314836057923172,0,0,1,0,1.4210854715202e-14,0.000815815988201175,0.00828388225068751,0.0553420014029336,0.935558300358178,0.379242712757446,0.99711255814002,0.994938755046943,2.06630332886225,2.56403152650816,-39.2097183122748,-38.9889820848721,NaN,NaN
28,1.1779019942868,1.84998725693904,2.11211969147596,0.0141799978293404,0.138093727743193,0.277024133062577,0.295582166432628,0.800445734367915,0.728620274596523,NaN,0.426197850777855,0.37424788359006,-0.0583052189844775,-0.0651353328207727,NaN,-0.366622996019023,0,0,1,0,8.88178419700125e-15,0.0934007426440057,0.0434521085555265,0.174146414193467,0.689000734607001,0.236718742865199,0.916717440629944,0.888861309968688,1.70416870245211,2.13370525387212,-23.999183309667,-24.124935426077,NaN,NaN
29,1.25282178675794,1.32052524521008,1.50311776349858,0.0389170602185673,0.164219266559493,0.28677839978325,0.301422708840559,0.548850374782266,0.41658741028422,NaN,0.153392405583321,0.395457969198945,-0.0132700795196156,-0.00286679620874764,NaN,-0.310397903995857,0,0,1,0,1.06581410364015e-14,0.398790276866863,0.350706309510373,0.139710630744459,0.110792782878305,0.198174164629009,0.463777175500232,0.505197576196519,0.664203996097856,0.780131384636559,-24.9280480860411,-25.0325901168422,NaN,NaN
30,0.751895286186665,1.40515749415226,1.32920914448968,0.0534990160685586,0.105180684459427,0.400700142997411,0.150143877724589,0.745909749302125,0.627925844266936,NaN,0.0181079748880685,0.727801774414056,-0.0887891139073339,-0.15824389526176,NaN,-0.311304757615965,0,0,1,0,1.4210854715202e-14,0.0565923984367476,0.0374418746990111,0.329018105077259,0.576947621786982,0.174618826830326,0.944608082409892,0.921285479763523,1.72469875562471,2.08628093805394,-19.0101188385383,-18.7823170641243,NaN,NaN
31,0.725748441948426,1.18813572502297,1.48137804968962,0.0106145910218439,0.154235971966712,0.520967506017559,0.33918391411722,0.00815391869657437,0.00129864710817617,NaN,3.91866476223771e-05,0.00811473204895199,0.11939270951124,0.0297124549702326,NaN,-0.310397903995856,1,1,1,1,2.1316282072803e-14,0.99900851269472,0.000969806329253416,1.92567465202011e-05,2.42422950679515e-06,0.485052745528089,0.000629178379540685,0.000737462125621313,0.000644768947779269,0.000754319582250521,-59.6733768192386,-57.1652620871897,NaN,NaN
32,1.33524121608158,1.97226037848479,2.3216314677812,0.0786512039892897,0.160601423906855,0.213444686490776,0.189845244941297,0.827292810356454,0.825219513644699,NaN,0.819055928378943,0.00823688197751138,0.037332586342616,-0.039078110548368,NaN,-0.337481790100365,1,1,1,1,8.88178419700125e-15,5.34176603153634e-11,1.09291460393544e-08,4.85509681612491e-05,0.999951438049275,0.419238563200709,0.99999999482317,0.999998459268025,2.05037910232634,2.637535249544,-42.7817569777409,-40.2735200957634,NaN,NaN
33,0.74481909343611,1.05661909401411,0.991327861258372,4.170211561628e-05,0.111944651556228,0.314940677980283,0.154184724674106,0.296679191537412,0.12260158134572,NaN,0.013442301688203,0.283236889849209,0.0785377303658311,0.0010605385120413,NaN,-0.310397903995857,1,1,1,1,1.77635683940025e-14,0.816809334538198,0.135515065184008,0.0430312793474876,0.00464432093030564,0.389016577621292,0.147029252013017,0.144376716073131,0.1681484503905,0.180780864595178,-45.6436785228237,-42.8604416329745,NaN,NaN
34,1.30716409038256,1.69511230332367,2.01869678843203,0.0240526807186532,0.140001302922321,0.23294420108612,0.20688799999947,0.826101376352278,0.821463863668259,NaN,0.795443581545868,0.0306577948064104,0.0363864778149167,-0.0546893572583203,NaN,-0.345708391666641,1,1,1,1,7.105427357601e-15,5.32708122934841e-05,0.000671838525438487,0.016809101847701,0.982465788814567,0.408162320320697,0.999784413562593,0.99921861776157,2.02629986132556,2.61933819041315,-41.8322190932214,-39.301561298415,NaN,NaN
35,1.39633339779783,2.06489137387397,2.39459968071818,0.0470038077985397,0.10513135526024,0.262962164045024,0.325946605300535,0.830005742470922,0.827105300191044,NaN,0.812410670504027,0.0175950719668957,-0.0511379843494634,-0.0536659179738213,NaN,-0.344783901753693,0,0,1,0,7.105427357601e-15,1.10254251090038e-05,6.7138032751673e-05,0.00485436717263338,0.995067469369506,0.416127026499826,0.999977126107928,0.999815327557563,2.03184368059849,2.63257050223218,-42.5178903711485,-43.0002952991816,NaN,NaN
36,1.38617364742827,1.95123735570314,1.75533814699131,0.00959649799028234,0.101579010395096,0.24154252565096,0.282725285176518,0.733964491393998,0.703611566369579,NaN,0.571463838193201,0.162500653200798,-0.0562783794903234,-0.0876996509401926,NaN,-0.386940679341784,0,0,1,0,1.4210854715202e-14,0.0180578051029321,0.0518501322658767,0.603621996932568,0.326470065698623,0.161289700169124,0.96668448407482,0.948786851965988,1.43555141402277,1.88738297130492,-18.0316353617811,-18.3691347085803,NaN,NaN
37,1.28590172611872,1.61243047607034,1.93894288006614,0.0691047163563976,0.0305123134122138,0.24814215813351,0.121313721780572,0.825822652893974,0.822884578134354,NaN,0.813687664741498,0.0121349881524764,-0.0476158134609812,-0.0526456514068766,NaN,-0.335036879881013,0,0,1,0,8.88178419700125e-15,1.08394870390503e-10,6.50545658439296e-08,0.000139106869039797,0.999860827968,0.419180651766781,0.999999981504797,0.999995574918321,2.05878752549388,2.63744458812777,-42.7768779786656,-43.2647429905131,NaN,NaN
38,1.01368172930229,1.30454776197076,1.51717512682332,0.0428254346885679,0.06243533054384,0.501273392290702,0.12938380156532,0.768297136704662,0.560238025411814,NaN,0.00848313050530489,0.759814006199357,-0.121128339056271,-0.158276851241719,NaN,-0.310397903995857,0,0,1,0,1.06581410364015e-14,0.147119273639709,0.125165728799868,0.205619000708554,0.522095996851869,0.144958552174478,0.833114735408546,0.80876312172546,1.53492946355314,1.80134959582364,-13.1687226283336,-12.9089086221343,NaN,NaN
39,0.700445782602098,1.10010930857523,0.933609797873324,0.0794847725804441,0.0596212240883018,0.536726146953259,0.20365355817219,0.229726298170744,0.0202354590265632,NaN,0.000407631821056179,0.229318666349687,0.0688456881314961,0.00106094510481769,NaN,-0.310397903995856,1,1,1,1,1.4210854715202e-14,0.954379677955373,0.0372435420596072,0.00802562293669796,0.000351157048321657,0.461028315236579,0.0346490054965507,0.0347161718483682,0.0383650660748439,0.0406623690999979,-56.1803159207626,-53.4509972544129,NaN,NaN
40,1.29332268452143,1.38841694335867,1.34010196358065,0.0220191221699259,0.165433143741901,0.505304913346797,0.192467440439853,0.401896491070576,0.159206018128284,NaN,0.00743313426670081,0.394463356803876,-0.0160967780066289,0.00106032985226023,NaN,-0.310397903995856,2,0,1,1,1.4210854715202e-14,0.73818740996668,0.220563761549167,0.0381963044563002,0.00305252402785318,0.35722322971583,0.177066225144707,0.201031746094294,0.194283544020094,0.231593386815357,-41.174445430769,-40.7799820739652,NaN,NaN
41,1.04317452597438,1.23792498163238,1.07482690302208,0.0372805038787319,0.001409842841864,0.536668874514205,0.312068330847404,0.160726707879227,0.0373369849782155,NaN,0.00108381842092024,0.159642889458307,0.0914696894369396,0.00105996420007481,NaN,-0.310397903995857,1,1,1,1,1.06581410364015e-14,0.961856295068233,0.0352152765749643,0.00284127315383726,8.71552029651817e-05,0.465424458657853,0.0244156213864527,0.0288161667255848,0.0257969538477744,0.0308604127341525,-56.7178412404597,-54.0581983510014,NaN,NaN
42,0.966885659983706,1.02089662875852,0.958658731825553,0.0347095759487059,0.0919542568704005,0.382914373490233,0.285811418358558,0.200447473829275,0.0875248621044451,NaN,0.00876491884334784,0.191682554985927,0.0914697254678342,0.00105996621643456,NaN,-0.310397903995856,1,1,1,1,1.95399252334028e-14,0.894353884161783,0.0973058371738725,0.00792530179464003,0.00041497686970447,0.431264490034279,0.0648507492123854,0.0798698992817531,0.068620406724957,0.0858534669160676,-51.3865850374139,-48.694902482428,NaN,NaN
43,1.21005768893614,1.69356184945207,1.96987026131881,0.0745134766155183,0.154651298637117,0.340746972170676,0.330266570094366,0.815165746220925,0.787259367516932,NaN,0.324124346645904,0.491041399575021,-0.0533954103982029,-0.14450301323217,NaN,-0.360228635231962,0,0,1,0,1.06581410364015e-14,0.0131356923090753,0.0120147432719969,0.0618851796437634,0.912964384775164,0.366486854076408,0.986796587420699,0.981410795660679,1.96977674186615,2.51788315852959,-37.7412102630532,-37.7501688634781,NaN,NaN
44,0.718672200855286,0.811441148046666,0.802921457875941,0.0115916628669827,0.0827889093575465,0.408082013432823,0.256974523415671,0.0512587359273711,0.0146467505620831,NaN,0.00100001117214587,0.0502587247552253,0.119393191929097,0.00105996407180564,NaN,-0.310397903995857,1,1,1,1,1.24344978758018e-14,0.984492704746695,0.0152359699328712,0.000267005327171239,4.3199932631221e-06,0.477401641867073,0.00931192579334994,0.0114909152850946,0.00944913473644339,0.0116766829513822,-58.5065402366629,-55.9562815119076,NaN,NaN
