t,birthrate_index,average_age,average_age_dev,house_price_index,house_price_dev,young_homeownership,young_homeownership_dev,old_homeownership,old_homeownership_dev,aggregate_homeownership,aggregate_homeownership_dev
0,1.1,46.9991620009633,0,0.982341382728089,0,0.383515026838626,0,0.724633891532287,0,0.480750138468013,0
1,1.1,46.9551634403128,-0.0439985606505005,0.981533011188732,-0.000808371539357311,0.38370583910114,0.000190812262514162,0.725310677291828,0.000676785759540999,0.481810654187897,0.00106051571988358
2,1.1,46.913127530143,-0.0860344708202447,0.981375159469583,-0.000966223258505816,0.383833510855183,0.000318484016556819,0.725623453770253,0.000989562237966091,0.482239245933852,0.00148910746583875
3,1.1,46.8729899842813,-0.126172016681963,0.981300655151329,-0.00104072757675999,0.383898928954279,0.000383902115653034,0.726165605937319,0.00153171440503252,0.482686534827114,0.00193639635910087
4,1.1,46.8347754929614,-0.16438650800184,0.981288671488564,-0.00105271123952444,0.383941657345577,0.000426630506950854,0.726697538273816,0.00206364674152926,0.483108640868999,0.00235850240098506
5,1.1,46.7985465163728,-0.200615484590458,0.981324789967122,-0.00101659276096644,0.383971005781596,0.00045597894296967,0.727182509219718,0.00254861768743098,0.483506048623529,0.00275591015551546
6,1.1,46.7642076141886,-0.234954386774689,0.981847456368578,-0.000493926359511399,0.383985200189714,0.000470173351088288,0.728046009989363,0.00341211845707656,0.483541634991518,0.00279149652350474
7,1.1,46.7316417274109,-0.267520273552371,0.982340625279431,-7.57448657462412e-07,0.383984373029995,0.000469346191368569,0.728511903223876,0.00387801169158952,0.483825966225521,0.00307582775750731
8,1.1,46.700858872412,-0.298303128551233,0.982422744165969,8.13614378799565e-05,0.38398304655005,0.00046801971142435,0.728937792455222,0.00430390092293575,0.484092383262059,0.00334224479404521
9,1.1,46.7183601763241,-0.280801824639205,0.982724607362821,0.000383224634731727,0.383961790999035,0.000446764160409396,0.729297349867388,0.00466345833510118,0.484341923117115,0.00359178464910115
10,1,46.7358204768512,-0.263341524112064,0.983786134781456,0.00144475205336692,0.383946697501508,0.000431670662881911,0.729624514118754,0.00499062258646754,0.484562176531957,0.00381203806394353
11,1,46.7535865966764,-0.245575404286818,0.985002763943307,0.00266138121521764,0.383933815269243,0.000418788430617045,0.729936208861413,0.00530231732912589,0.48474706655397,0.00399692808595609
12,1,46.772023014415,-0.227138986548255,0.986695179341868,0.00435379661377888,0.383914706285702,0.000399679447075585,0.729287957345465,0.00465406581317884,0.48462845671589,0.0038783182478761
13,1,46.7913466069777,-0.20781539398557,0.988387936135343,0.00604655340725446,0.383887412616458,0.000372385777831663,0.72935703837137,0.00472314683908381,0.484777214979418,0.00402707651140494
14,1,46.8115390096189,-0.187622991344355,0.990236359408913,0.00789497668082451,0.383779903587169,0.000264876748542531,0.729439409963361,0.00480551843107435,0.484019921793948,0.00326978332593475
15,1,46.8325438414404,-0.166618159522898,0.992177087671697,0.00983570494360797,0.383735803602066,0.000220776763439734,0.729523022429808,0.00488913089752108,0.483999126650498,0.00324898818248431
16,1,46.8544874865293,-0.144674514434016,0.994269298604442,0.0119279158763536,0.383684806103082,0.000169779264456049,0.728233978987802,0.00360008745551532,0.483612521153382,0.00286238268536815
17,1,46.8774933082401,-0.121668692723162,0.996641569185671,0.0143001864575821,0.383629936588852,0.000114909750226155,0.72803730929103,0.00340341775874387,0.482889735394628,0.00213959692661436
18,1,46.9015089429203,-0.0976530580429795,0.998889424192773,0.0165480414646842,0.383399843360129,-0.000115183478496705,0.727874641588459,0.00324075005617241,0.482278641124329,0.00152850265631577
19,1,46.9262999537403,-0.0728620472230048,1.00186287585878,0.0195214931306884,0.382830493018604,-0.000684533820022259,0.727525088681686,0.00289119714939889,0.481889667652076,0.00113952918406279
20,1,46.9516512327219,-0.0475107682413309,1.00357785126048,0.0212364685323942,0.38221013096189,-0.00130489587673571,0.727186740995734,0.00255284946344725,0.481474313233404,0.000724174765390717
21,1,46.9771937318014,-0.0219682691619028,1.00594085908151,0.0235994763534253,0.381969038628111,-0.0015459882105151,0.726782132977073,0.00214824144478587,0.480465966044697,-0.000284172423316464
22,1,47.0025430428768,0.00338104191350652,1.00769242111453,0.0253510383864457,0.381872838147209,-0.00164218869141658,0.725775398945542,0.00114150741325558,0.478981627360919,-0.00176851110709447
23,1,47.0274353911932,0.0282733902299412,1.00896849097873,0.0266271082506366,0.381790706121413,-0.00172432071721296,0.725730223581503,0.001096332049216,0.478522612971712,-0.00222752549630184
24,1,47.0517449333388,0.0525829323755502,1.01044774384906,0.0281063611209695,0.381726490988438,-0.0017885358501879,0.725326498859852,0.000692607327564931,0.477886369721268,-0.00286376874674532
25,1,47.0753515012011,0.0761895002378807,1.01116228566684,0.0288209029387474,0.381688281716414,-0.00182674512221165,0.724920325756066,0.000286434223779608,0.477373038139971,-0.00337710032804278
26,1,47.0980241709361,0.0988621699728469,1.01172208401101,0.0293807012829184,0.381655500994364,-0.00185952584426191,0.724488346266663,-0.000145545265623492,0.476895265468788,-0.0038548729992256
27,1,47.1194628460284,0.120300845065103,1.01199374949909,0.0296523667709963,0.381636059572755,-0.00187896726587128,0.723743056157795,-0.000890835374491528,0.476367136459204,-0.00438300200880987
28,1,47.1394169531097,0.140254952146464,1.01207646264327,0.0297350799151848,0.381623853988863,-0.00189117284976265,0.723166302029995,-0.00146758950229187,0.475962515334249,-0.00478762313376491
29,1,47.1577719861838,0.158609985220501,1.01200386745609,0.0296624847279998,0.38161630452319,-0.00189872231543564,0.722617874673068,-0.00201601685921815,0.475583676675432,-0.00516646179258107
30,1,47.1743986191369,0.175236618173628,1.01193125762496,0.0295898748968748,0.381611194186154,-0.00190383265247202,0.722077672951482,-0.00255621858080513,0.475242832970869,-0.00550730549714484
31,1,47.1893591568331,0.190197155869846,1.01204764493735,0.0297062622092605,0.381608278064944,-0.00190674877368213,0.721555951341644,-0.00307794019064256,0.474937251827971,-0.00581288664004248
32,1,47.202862533135,0.203700532171759,1.01159852990394,0.0292571471758469,0.381607561435812,-0.00190746540281356,0.721295213830675,-0.00333867770161167,0.474752319088065,-0.00599781937994864
33,1,47.2150878136073,0.215925812643988,1.01108519878164,0.0287438160535556,0.381616158424614,-0.00189886841401171,0.720864540565294,-0.00376935096699227,0.474516780209529,-0.00623335825848403
34,1,47.2260458126641,0.226883811700858,1.00984662088951,0.0275052381614249,0.381627820618545,-0.00188720622008054,0.720430508311532,-0.0042033832207542,0.474318113737889,-0.00643202473012416
35,1,47.2357901028812,0.236628101917901,1.00986686922132,0.0275254864932328,0.381635909819628,-0.0018791170189984,0.720056201229095,-0.00457769030319155,0.474151219965378,-0.00659891850263594
36,1,47.244464462756,0.245302461792754,1.00882060676009,0.0264792240319984,0.381644802577435,-0.00187022426119104,0.719742897911633,-0.00489099362065393,0.474156490115759,-0.00659364835225468
37,1,47.252289445456,0.253127444492762,1.00819706176307,0.0258556790349798,0.381659358335817,-0.00185566850280927,0.719427659233155,-0.00520623229913142,0.474065930015083,-0.00668420845293044
38,1,47.2595124799236,0.260350478960362,1.00804923647906,0.0257078537509747,0.381675234667995,-0.00183979217063096,0.718814760046168,-0.00581913148611901,0.473919388140999,-0.00683075032701486
39,1,47.2663236858665,0.267161684903279,1.00728983597099,0.0249484532429058,0.381690511226229,-0.00182451561239666,0.718547616745117,-0.00608627478716972,0.474751762059137,-0.00599837640887596
40,1,47.2729184251861,0.27375642422281,1.00729584982467,0.0249544670965762,0.38169957401389,-0.00181545282473566,0.718339669693687,-0.00629422183859951,0.474754402747694,-0.00599573572031958
41,1,47.2794390410877,0.28027704012446,1.00711292831018,0.0247715455820887,0.381706523950231,-0.00180850288839535,0.718520445799835,-0.00611344573245143,0.474808029959345,-0.00594210850866894
42,1,47.2859403370232,0.286778336059896,1.00692996989667,0.02458858716858,0.381711793488267,-0.00180323335035865,0.718494261099679,-0.00613963043260812,0.474839261324733,-0.00591087714328037
43,1,47.2924386573537,0.29327665639039,1.00693598172109,0.024594598992997,0.381716168194685,-0.00179885864394108,0.718421565066344,-0.00621232646594294,0.474849386461841,-0.00590075200617224
44,1,47.2990034320266,0.299841431063342,1.00675312192978,0.0244117392016867,0.381721323765454,-0.0017937030731715,0.718379400355875,-0.00625449117641153,0.474848749741285,-0.0059013887267283
45,1,47.3056792588075,0.306517257844199,1.00657022525189,0.024228842523804,0.381724653526761,-0.00179037331186532,0.718351356016132,-0.00628253551615454,0.474835926268567,-0.00591421219944649
46,1,47.3123539841738,0.313191983210537,1.00638729168,0.0240459089519087,0.381728873590013,-0.00178615324861303,0.718329580635761,-0.00630431089652594,0.474827806929591,-0.00592233153842286
47,1,47.3188232585228,0.319661257559488,1.00586126364566,0.0235198809175676,0.381731122967962,-0.00178390387066441,0.718668129557254,-0.0059657619750324,0.474885109931552,-0.0058650285364617
48,1,47.3248908723934,0.325728871430108,1.00581252092458,0.0234711381964929,0.38173600778024,-0.00177901905838646,0.71868730057023,-0.00594659096205663,0.474900149826637,-0.00584998864137598
49,1,47.3304922087546,0.331330207791289,1.00528944975281,0.022948067024726,0.381834918434546,-0.00168010840408039,0.718734504046428,-0.00589938748585872,0.474924111026425,-0.00582602744158872
50,1,47.3355788885038,0.336416887540544,1.00476627306686,0.0224248903387696,0.381864421410459,-0.00165060542816692,0.71878474845314,-0.00584914307914708,0.47550841104337,-0.00524172742464379
51,1,47.3397812362355,0.340619235272264,1.00405452803014,0.0217131453020465,0.381899109927656,-0.00161591691096952,0.718899484243056,-0.00573440728923014,0.475679432144225,-0.0050707063237882
52,1,47.3425616127985,0.343399611835245,1.00353163335819,0.0211902506300969,0.381928459655867,-0.00158656718275946,0.718961459863789,-0.00567243166849807,0.475790291948774,-0.00495984651923964
53,1,47.3435054678232,0.344343466859897,1.00300863320765,0.0206672504795629,0.381944434865078,-0.00157059197354781,0.719027961439173,-0.00560593009311328,0.475895767156167,-0.00485437131184657
54,1,47.3425097307968,0.343347729833532,1.00248602039769,0.0201446376696051,0.382420694083541,-0.00109433275508491,0.719096937394292,-0.00553695413799415,0.476094605001629,-0.00465553346638414
55,1,47.3425097307968,0.343347729833532,1.00180800763484,0.0194666249067541,0.382453899647257,-0.00106112719136858,0.719160403044614,-0.00547348848767271,0.476237858757123,-0.00451227971088997
56,1,47.3182271185021,0.319065117538848,1.00131879468418,0.0189774119560899,0.382481867778849,-0.00103315905977663,0.719317937061586,-0.00531595447070066,0.476363639667583,-0.00438649880042996
57,1,47.2932387610345,0.294076760071263,1.00082948304922,0.0184881003211337,0.382505835231847,-0.00100919160677937,0.719450758180692,-0.0051831333515947,0.476490380712998,-0.00425975775501525
58,1,47.2678121374199,0.268650136456671,1.00034007271007,0.0179986899819813,0.382678683786693,-0.000836343051932975,0.719492860413526,-0.00514103111876085,0.476610550984773,-0.00413958748324
59,1,47.2421871244044,0.243025123441114,0.999851024834452,0.0175096421063631,0.382711804181808,-0.000803222656817537,0.719564793800717,-0.00506909773156994,0.476716443799228,-0.00403369466878528
60,1,47.2164370577228,0.217275056759533,0.99936187830784,0.0170204955797512,0.38308709622944,-0.000427930609186056,0.719723627241313,-0.00491026429097352,0.476894557262011,-0.0038555812060021
61,1,47.1906444321888,0.19148243122558,0.999160677850307,0.0168192951222181,0.383184611316715,-0.000330415521911431,0.719886236747317,-0.00474765478496941,0.477024399336824,-0.00372573913118962
62,1,47.165103411397,0.165941410433767,0.998959781297263,0.0166183985691737,0.383247530716825,-0.000267496121801214,0.720050226329519,-0.00458366520276743,0.477093613381243,-0.00365652508677028
63,1,47.1402088569847,0.141046856021433,0.998758554642711,0.0164171719146224,0.383261002121307,-0.000254024717319001,0.720210367903196,-0.00442352362909093,0.477191348126731,-0.00355879034128254
64,1,47.1162870622177,0.117125061254455,0.998842961956743,0.016501579228654,0.38326282685657,-0.000252199982055668,0.720363332594396,-0.00427055893789086,0.477288961573853,-0.00346117689416031
65,1,47.0934771519855,0.0943151510222435,0.998738881951498,0.0163974992234094,0.383266846657541,-0.000248180181084579,0.720508934624878,-0.00412495690740855,0.477390646971967,-0.00335949149604686
66,1,47.0934771519855,0.0943151510222435,0.999111372113212,0.0167699893851226,0.38326298064137,-0.000252046197255551,0.720646715512806,-0.00398717601948084,0.477543875497583,-0.00320626297043003
67,1,47.0934771519855,0.0943151510222435,0.999141124869007,0.0167997421409177,0.383263042062417,-0.000251984776209024,0.720821227025046,-0.00381266450724016,0.477646648814745,-0.00310348965326884
68,1,47.0934771519855,0.0943151510222435,0.999170883626543,0.0168295008984543,0.383259415310509,-0.000255611528116539,0.720996726107416,-0.00363716542487091,0.477738676486094,-0.00301146198191937
69,1,47.0934771519855,0.0943151510222435,0.999389047609349,0.0170476648812604,0.383256122215946,-0.000258904622679856,0.721160280166084,-0.00347361136620306,0.477803519579607,-0.00294661888840603
70,1,47.0934771519855,0.0943151510222435,0.999418790325677,0.0170774075975882,0.383254432882343,-0.000260593956282529,0.721315765429041,-0.00331812610324589,0.477866302746524,-0.00288383572148992
71,1,47.0934771519855,0.0943151510222435,0.999736607668039,0.0173952249399497,0.382906476992893,-0.00060854984573272,0.721450340385065,-0.00318355114722191,0.477851958406737,-0.00289818006127601
72,1,47.0934771519855,0.0943151510222435,0.999865853980027,0.0175244712519382,0.382836577619752,-0.000678449218874,0.721569014719218,-0.003064876813069,0.477885718621125,-0.00286441984688801
73,1,47.0934771519855,0.0943151510222435,0.999918820333325,0.0175774376052362,0.382791698310767,-0.000723328527858891,0.72167711020034,-0.00295678133194621,0.477918453902581,-0.00283168456543204
74,1,47.0934771519855,0.0943151510222435,1.00015079610191,0.0178094133738178,0.382790144013775,-0.000724882824851447,0.72176995885795,-0.00286393267433693,0.477942663851464,-0.00280747461654945
75,1,47.0934771519855,0.0943151510222435,1.00037105642689,0.0180296736988041,0.38278915423089,-0.000725872607736322,0.72185268374425,-0.0027812077880367,0.477983494595816,-0.00276664387219705
76,1,47.0934771519855,0.0943151510222435,1.00018360681939,0.0178422240913028,0.382788055316103,-0.000726971522523434,0.721919076258433,-0.00271481527385364,0.478019856148735,-0.00273028231927858
77,1,47.0934771519855,0.0943151510222435,1.00041217166096,0.0180707889328715,0.382787039944869,-0.000727986893757193,0.721969639654874,-0.00266425187741226,0.47805199234392,-0.00269814612409391
78,1,47.0934771519855,0.0943151510222435,1.00014419855589,0.0178028158278036,0.382785556370388,-0.00072947046823757,0.722014126769535,-0.00261976476275205,0.478076844888378,-0.0026732935796358
79,1,47.0934771519855,0.0943151510222435,1.00008722338285,0.0177458406547635,0.382785115946035,-0.000729910892590724,0.722047695232271,-0.00258619630001544,0.478105880069901,-0.00264425839811289
