year,scenario,share_25_39,share_40_59,share_60_79,share_80,average_age
2020,low_immigration,0.318865981332888,0.383868773685741,0.291250211022057,0.00601503395931418,49.5040238638905
2021,low_immigration,0.318615071764913,0.380497815555189,0.294699279238067,0.00618783344183064,49.593985729983
2022,low_immigration,0.318367541566906,0.377172247872283,0.298101905424053,0.0063583051367573,49.6827361570511
2023,low_immigration,0.318123319859017,0.373891163897355,0.301459019260572,0.00652649698305668,49.7702995239681
2024,low_immigration,0.317882352261119,0.370653671681837,0.304771522473296,0.00669245358374869,49.8566992647039
2025,low_immigration,0.317644554421043,0.367458921124121,0.308040303896572,0.00685622055826324,49.9419586805004
2026,low_immigration,0.316580213265747,0.368078518942014,0.308137188223776,0.0072040795684626,49.9855132778071
2027,low_immigration,0.315524927261584,0.368692844174087,0.308233252601537,0.00754897596279124,50.0286972312417
2028,low_immigration,0.314478593114607,0.369301962280767,0.308328498002175,0.00789094660245003,50.0715147176814
2029,low_immigration,0.313441104690573,0.369905927698373,0.308422937246679,0.00823003036437531,50.1139705321444
2030,low_immigration,0.312412335336828,0.370504818118217,0.308516583548434,0.00856626299652075,50.1560694813388
2031,low_immigration,0.310963804974185,0.37320016018657,0.307046179478853,0.00878985536039235,50.163430933939
2032,low_immigration,0.309525378438151,0.375876709434386,0.305586021831191,0.00901189029627286,50.170740964005
2033,low_immigration,0.308096944422718,0.37853466138116,0.304136011939847,0.00923238225627484,50.1780002425068
2034,low_immigration,0.306678398547389,0.381174214582167,0.302696040129217,0.00945134674122678,50.1852092423707
2035,low_immigration,0.305269634789146,0.383795555879553,0.301266007002827,0.00966880232847306,50.1923687740729
2036,low_immigration,0.304321352312548,0.386189646788926,0.299624044760655,0.00986495613787125,50.1991482738839
2037,low_immigration,0.303376507994497,0.388575058575837,0.297988034578721,0.0100603988509443,50.2059031189322
2038,low_immigration,0.302435082222799,0.390951839451784,0.296357943481029,0.0102551348443875,50.2126335837627
2039,low_immigration,0.301497058056274,0.393320033797623,0.294733740373827,0.0104491677722763,50.2193397672638
2040,low_immigration,0.300562411884276,0.395679682888375,0.293115405613411,0.0106424996139379,50.2260219382537
2041,low_immigration,0.299615108776062,0.396881253423214,0.292839527628303,0.0106641101724227,50.2402229264965
2042,low_immigration,0.298670773564314,0.398079075342869,0.292564498923649,0.0106856521691665,50.2543790922149
2043,low_immigration,0.297729370607867,0.399273163567456,0.292290338152342,0.0107071276723364,50.2684915994994
2044,low_immigration,0.296790899094337,0.400463545197137,0.292017019244716,0.0107285364638097,50.2825598678651
2045,low_immigration,0.295855331452418,0.401650226820198,0.291744562805735,0.0107498789216485,50.2965850026759
2046,low_immigration,0.293968271416313,0.40174528573375,0.293659021545883,0.0106274213040537,50.3526962269062
2047,low_immigration,0.292088132009952,0.401839989512885,0.295566465442634,0.0105054130345291,50.4086018520233
2048,low_immigration,0.290214870551677,0.401934347753327,0.297466930532547,0.0103838511624479,50.4643028828217
2049,low_immigration,0.288348446457025,0.40202836463203,0.299360455093752,0.0102627338171916,50.5198007205246
2050,low_immigration,0.286488839639993,0.402122035007058,0.301247067381081,0.0101420579718679,50.5750958013822
2051,low_immigration,0.285268421217712,0.400337712331049,0.304304388600118,0.01008947785112,50.6489084906279
2052,low_immigration,0.284053692663063,0.39856170183649,0.307347462215668,0.0100371432847789,50.7223772197109
2053,low_immigration,0.282844621256646,0.396793955396585,0.31037637238744,0.00998505095932911,50.7955039512566
2054,low_immigration,0.281641158502905,0.395034410172073,0.313391229988063,0.00993320133695836,50.8682913729775
2055,low_immigration,0.280443265598588,0.393283005852926,0.316392136213604,0.00988159233488292,50.9407421341001
2056,low_immigration,0.279362337107911,0.392104508676593,0.318606593876568,0.00992656033892896,51.0200820278884
2057,low_immigration,0.278285683549396,0.390930673423621,0.320812293348562,0.00997134967842048,51.0991080578142
2058,low_immigration,0.277213285456334,0.389761477707442,0.323009275124847,0.010015961711377,51.1778218346829
2059,low_immigration,0.276145117950686,0.388596889214025,0.325197595580156,0.0100603972551329,51.2562251489749
2060,low_immigration,0.27508115529481,0.387436886444846,0.327377298607063,0.0101046596532808,51.3343198581658
2061,low_immigration,0.274512418146558,0.386309050789712,0.328895705635445,0.010282825428285,51.3991748305726
2062,low_immigration,0.273944818407147,0.38518349494214,0.330411054391763,0.0104606322589507,51.4638993508479
2063,low_immigration,0.273378372807482,0.384060197774226,0.331923347358514,0.0106380820597781,51.5284933872011
2064,low_immigration,0.272813067018283,0.382939158338101,0.333432600118706,0.010815174524911,51.592957536219
2065,low_immigration,0.27224888650074,0.381820371743136,0.334938829695602,0.0109919120605225,51.6572924937266
2066,low_immigration,0.27175560568019,0.380925997527261,0.33610610444101,0.0112122923515391,51.6947570848931
2067,low_immigration,0.271262171150366,0.380031337288289,0.337273750182599,0.0114327413787465,51.7322334773484
2068,low_immigration,0.270768569187499,0.379136402435432,0.338441766570723,0.0116532618063448,51.7697219663145
2069,low_immigration,0.270274821478499,0.378241168958365,0.339610156038431,0.0118738535247042,51.8072222632237
2070,low_immigration,0.269780906572645,0.377345648542187,0.340778930390431,0.0120945144947367,51.8447348651909
2071,low_immigration,0.269541927527949,0.377256712785229,0.340906216921671,0.0122951427651514,51.8579841432873
2072,low_immigration,0.269302527154367,0.377167615423019,0.341033737510104,0.0124961199125094,51.8712566941407
2073,low_immigration,0.269062711640913,0.377078370117631,0.341161473078725,0.0126974451627302,51.8845521392696
2074,low_immigration,0.268822479449035,0.376988972289823,0.34128942905019,0.0128991192109516,51.8978706602501
2075,low_immigration,0.268581829548039,0.376899409307499,0.341417616147534,0.0131011449969281,51.9112125132514
2076,low_immigration,0.268444745557444,0.376750775277442,0.341718478079608,0.0130860010855063,51.9233211137509
2077,low_immigration,0.268307472588528,0.376601939495684,0.342019751332634,0.013070836583153,51.9354461414541
2078,low_immigration,0.268170019129755,0.376452901319436,0.342321427641771,0.0130556519090367,51.9475873045448
2079,low_immigration,0.268032389881552,0.376303671031799,0.342623492095181,0.0130404469914683,51.9597441553228
2080,low_immigration,0.267894565197544,0.376154243753581,0.342925970204021,0.0130252208448536,51.9719176856071
2081,low_immigration,0.267855324547125,0.375986974696808,0.343079680630376,0.0130780201256916,51.9823924409467
2082,low_immigration,0.267816041455026,0.375819555877576,0.343233536089957,0.0131308665774395,51.9928770007969
2083,low_immigration,0.267776729879954,0.375651982920371,0.343387525683365,0.0131837615163097,52.0033707999481
2084,low_immigration,0.267737369550367,0.375484253951886,0.343541672893367,0.01323670360438,52.0138747476149
2085,low_immigration,0.267697990122097,0.375316375162493,0.343695939139636,0.0132896955757746,52.0243876504314
2086,low_immigration,0.267743704821119,0.375019612366327,0.343836092270927,0.0134005905416279,52.0260138809124
2087,low_immigration,0.267789472105565,0.37472251508567,0.343976402521768,0.013511610286998,52.0276421118716
2088,low_immigration,0.267835293610927,0.37442507636748,0.344116876605206,0.0136227534163877,52.0292721509659
2089,low_immigration,0.267881166557714,0.374127309670727,0.344257501963441,0.0137340218081172,52.0309038143028
2090,low_immigration,0.267927098932979,0.373829208044134,0.344398278956138,0.0138454140667499,52.0325371304215
2091,low_immigration,0.267828745441908,0.37349285306758,0.344870469793501,0.0138079316970112,52.0429833529137
2092,low_immigration,0.267730354615262,0.373156351238823,0.345342860273249,0.0137704338726661,52.0534340240205
2093,low_immigration,0.267631917043271,0.372819698311961,0.34581546547654,0.0137329191682277,52.0638894881578
2094,low_immigration,0.267533442052522,0.372482895937942,0.34628827459708,0.0136953874124563,52.0743492982089
2095,low_immigration,0.26743491648768,0.372145947416293,0.346761297834217,0.0136578382618094,52.0848139277266
2096,low_immigration,0.267157147217914,0.371913182480118,0.347244673012071,0.0136849972898974,52.1037803588507
2097,low_immigration,0.266879353754737,0.37168041214601,0.347728074007483,0.0137121600917702,52.1227481081212
2098,low_immigration,0.266601539962364,0.371447613695912,0.34821152238286,0.0137393239588637,52.1417174386142
2099,low_immigration,0.266323696366407,0.371214797940434,0.348695015391448,0.0137664903017112,52.1606886280113
2100,low_immigration,0.266045829887082,0.370981959151575,0.349178553119518,0.0137936578418253,52.1796614354714
2020,medium_immigration,0.31886598407606,0.383868770453639,0.291250211726979,0.0060150337433209,49.5040238818664
2021,medium_immigration,0.318413705093974,0.380356332178792,0.295014759286662,0.00621520344057336,49.6060054008664
2022,medium_immigration,0.317968115031207,0.376895759772462,0.298723708859821,0.00641241633650841,49.7064806470251
2023,medium_immigration,0.317529045662669,0.373485929681351,0.302378285344594,0.00660673931138552,49.8054832057641
2024,medium_immigration,0.317096373440077,0.370125718455318,0.305979674440901,0.00679823366370394,49.9030447017209
2025,medium_immigration,0.316669956768509,0.366814051836025,0.309529030457215,0.00698696093825041,49.9991965204611
2026,medium_immigration,0.315405146575553,0.367275201701207,0.309943975144682,0.00737567657855822,50.0555088217958
2027,medium_immigration,0.314152846255314,0.367731793510943,0.310354811399298,0.00776054883444437,50.1112642016156
2028,medium_immigration,0.31291286975059,0.368183890123625,0.310761606382266,0.0081416337435197,50.1664709200201
2029,medium_immigration,0.311685029471742,0.36863156185936,0.311164419486225,0.00851898918267301,50.2211372148837
2030,medium_immigration,0.310469154526731,0.369074865552124,0.311563312846218,0.00889266707492817,50.2752709214009
2031,medium_immigration,0.308862022578101,0.371617612480378,0.310361993470815,0.00915837147070559,50.2937749848994
2032,medium_immigration,0.307268065172471,0.374139508032562,0.309170530809959,0.00942189598500805,50.3121276170529
2033,medium_immigration,0.305687127768889,0.376640808727302,0.307988793612055,0.00968326989175335,50.3303301387043
2034,medium_immigration,0.304119055088015,0.379121755849189,0.30681667356398,0.00994251549881612,50.3483845526336
2035,medium_immigration,0.302563674614341,0.381582608989884,0.305654053415348,0.0101996629804273,50.3662931450651
2036,medium_immigration,0.301506749844363,0.38386374568941,0.304192906341232,0.0104365981249948,50.3808217971257
2037,medium_immigration,0.300454657865201,0.386134444698115,0.302738447488792,0.0106724499478928,50.395284061859
2038,medium_immigration,0.299407381998172,0.388394776118146,0.30129061698055,0.0109072249031326,50.4096799558222
2039,medium_immigration,0.29836485735813,0.39064482269919,0.299849390936088,0.0111409290065918,50.4240107653401
2040,medium_immigration,0.297327083700321,0.392884634819615,0.298414708990492,0.0113735724895724,50.4382761950703
2041,medium_immigration,0.296284625460294,0.393995467696537,0.298292930215669,0.0114269766274991,50.4586805105836
2042,medium_immigration,0.295246356326899,0.395101856407939,0.298171621409823,0.0114801658553389,50.4790025297447
2043,medium_immigration,0.294212257986236,0.396203793783216,0.298050806117913,0.0115331421126354,50.4992429667618
2044,medium_immigration,0.293182300020861,0.397301313482955,0.297930481094208,0.0115859054019753,50.5194026496461
2045,medium_immigration,0.292156463467602,0.398394453720351,0.297810624037858,0.0116384587741888,50.5394813169841
2046,medium_immigration,0.290970829621239,0.397980690241052,0.299535620953605,0.0115128591841046,50.5746141008076
2047,medium_immigration,0.289793041384014,0.397569674908922,0.301249191637682,0.0113880920693812,50.6095143383012
2048,medium_immigration,0.28862303472989,0.397161370401578,0.302951445567529,0.0112641493010018,50.6441839434692
2049,medium_immigration,0.287460725920119,0.396755749476071,0.30464250357644,0.0111410210273699,50.6786256273622
2050,medium_immigration,0.286306038230049,0.396352791507075,0.30632246975883,0.0110187005040455,50.7128413288
2051,medium_immigration,0.286001848797948,0.393974723904933,0.309063784962761,0.010959642334358,50.763391833091
2052,medium_immigration,0.28570013704885,0.391615947580076,0.311782852782625,0.0109010625884503,50.8135319183088
2053,medium_immigration,0.285400862982518,0.389276236164926,0.314479944327385,0.0108429565251712,50.8632666335392
2054,medium_immigration,0.285103992944093,0.386955363066341,0.317155326163036,0.0107853178265294,50.9126011385668
2055,medium_immigration,0.284809501326177,0.38465309371907,0.319809264137078,0.0107281408176752,50.9615402931458
2056,medium_immigration,0.284774771254463,0.382837198102982,0.321620513993097,0.010767516649457,51.0192337038178
2057,medium_immigration,0.284740308620208,0.381035379306426,0.323417723982404,0.0108065880909622,51.0764801525119
2058,medium_immigration,0.284706108660987,0.379247467081765,0.325201066833574,0.010845357423674,51.133284615317
2059,medium_immigration,0.284672171758299,0.377473304342679,0.326970695537452,0.0108838283615699,51.1896523177553
2060,medium_immigration,0.284638496537363,0.375712732818892,0.328726767672467,0.0109220029712783,51.2455881374297
2061,medium_immigration,0.284284475653435,0.374888520747023,0.329727760542055,0.0110992430574866,51.2903577415073
2062,medium_immigration,0.283932547471727,0.374069143587499,0.330722869156701,0.0112754397840728,51.3348640102924
2063,medium_immigration,0.283582672374183,0.373254575682222,0.331712148199499,0.011450603744096,51.3791096642793
2064,medium_immigration,0.283234849984629,0.372444760719708,0.332695645270109,0.0116247440255545,51.4230964933148
2065,medium_immigration,0.282889058746492,0.371639668456934,0.33367340295697,0.0117978698396028,51.4668268739139
2066,medium_immigration,0.282419404143992,0.37129250352547,0.334270422870402,0.0120176694601365,51.4894195788312
2067,medium_immigration,0.281951438266628,0.370946579700527,0.334865300647556,0.0122366813852885,51.5119310446844
2068,medium_immigration,0.281485144911881,0.370601892232529,0.335458052428423,0.0124549104271669,51.5343621062895
2069,medium_immigration,0.28102051613224,0.370258434702906,0.336048686368574,0.01267236279628,51.5567131623028
2070,medium_immigration,0.280557550671916,0.369916191504838,0.336637217724146,0.0128890400991003,51.5789844937975
2071,medium_immigration,0.280257287809965,0.370547613696372,0.336119737793554,0.0130753607001089,51.5798881239373
2072,medium_immigration,0.279957612616424,0.371177797887179,0.335603264335145,0.0132613251612523,51.5807900860467
2073,medium_immigration,0.279658509971877,0.371806793859859,0.335087762453981,0.0134469337142833,51.5816901116401
2074,medium_immigration,0.279359981358352,0.372434574381103,0.334573257988534,0.0136321862720104,51.5825884412961
2075,medium_immigration,0.27906202543062,0.373061164223826,0.334059726030368,0.0138170843151867,51.5834848917824
2076,medium_immigration,0.278847039659347,0.37365710456487,0.333722279821786,0.0137735759539973,51.5872055378248
2077,medium_immigration,0.278632616650661,0.374251471636031,0.333385730989272,0.0137301807240362,51.5909164342097
2078,medium_immigration,0.278418770784547,0.374844268043324,0.333050059338625,0.0136869018335034,51.5946171127543
2079,medium_immigration,0.278205477189409,0.375435507870319,0.33271527838826,0.0136437365520127,51.5983084631314
2080,medium_immigration,0.277992748802741,0.376025192306145,0.33238137406365,0.0136006848274653,51.6019898129724
2081,medium_immigration,0.278004506022302,0.375907287082599,0.332463927830512,0.0136242790645866,51.6051247070423
2082,medium_immigration,0.278016220211925,0.375789793314566,0.332546190539496,0.0136477959340138,51.6082490517657
2083,medium_immigration,0.27802790402277,0.375672665913962,0.332628195515816,0.0136712345474529,51.6113631352903
2084,medium_immigration,0.278039535162014,0.375555938503363,0.332709930902845,0.0136945954317776,51.6144672460654
2085,medium_immigration,0.2780511449101,0.375439588265704,0.3327913870034,0.0137178798207959,51.617560666644
2086,medium_immigration,0.278245292555904,0.374995792386958,0.332959783900028,0.01379913115711,51.6139934940957
2087,medium_immigration,0.27843884014264,0.374553378459426,0.333127657532542,0.0138801238653926,51.6104375656314
2088,medium_immigration,0.278631770079954,0.374112371722052,0.333294995652387,0.0139608625456073,51.6068929271321
2089,medium_immigration,0.278824092387465,0.373672765384154,0.333461796635189,0.0140413455931919,51.6033590705484
2090,medium_immigration,0.279015807759469,0.373234529192142,0.333628086100379,0.0141215769480091,51.5998368100802
2091,medium_immigration,0.279001066794838,0.372740183936744,0.334207004123785,0.0140517451446318,51.6092760000694
2092,medium_immigration,0.278986379727491,0.372247777992489,0.334783654071819,0.0139821882082011,51.6186783873733
2093,medium_immigration,0.27897175329582,0.371757296027186,0.335358047458802,0.0139129032181916,51.6280438370919
2094,medium_immigration,0.278957184481208,0.371268723012339,0.335930203342565,0.0138438891638881,51.6373728916749
2095,medium_immigration,0.278942671641472,0.370782055353294,0.336500128875833,0.0137751441294004,51.6466656438716
2096,medium_immigration,0.278642022104138,0.370507329556238,0.337078524395567,0.0137721239440568,51.6669852776642
2097,medium_immigration,0.278342624043366,0.370233743892107,0.337654514839202,0.0137691172253244,51.68722022285
2098,medium_immigration,0.278044464249211,0.369961291011107,0.338228122667348,0.0137661220723333,51.7073714925322
2099,medium_immigration,0.277747541993441,0.369689972158092,0.338799345441249,0.0137631404072174,51.7274391344283
2100,medium_immigration,0.277451846285389,0.369419766911728,0.339368216363937,0.0137601704389475,51.7474239997004
2020,high_immigration,0.31886598407606,0.383868770453639,0.291250211726979,0.0060150337433209,49.5040238818664
2021,high_immigration,0.318223608926294,0.380222930875871,0.295311781895945,0.00624167830189099,49.6173584069879
2022,high_immigration,0.317591531638809,0.37663542849988,0.299308343882478,0.00646469597883293,49.7288788446516
2023,high_immigration,0.316969483533339,0.373104881340249,0.30324146148853,0.00668417363788131,49.8386289411471
2024,high_immigration,0.316357230627638,0.369629946034243,0.30711263063569,0.00690019270242901,49.9466503345144
2025,high_immigration,0.315754543135848,0.366209308819158,0.310923311334498,0.00711283671049429,50.0529839103252
2026,high_immigration,0.314325894818543,0.366538588603669,0.311598343745939,0.00753717283184842,50.1198268390875
2027,high_immigration,0.312913057417045,0.366864214437128,0.312265915799751,0.00795681234607612,50.1859302910596
2028,high_immigration,0.311515750686577,0.367186273526579,0.312926139996701,0.00837183579014229,50.2513066902855
2029,high_immigration,0.310133752508536,0.367504787332936,0.313579142387347,0.00878231777118088,50.3159672601612
2030,high_immigration,0.308766785860204,0.367819848259585,0.314225033473055,0.00918833240715601,50.3799242953004
2031,high_immigration,0.307050385846471,0.370249704109914,0.313211782626203,0.00948812741741125,50.4064121393787
2032,high_immigration,0.305349687746675,0.372657335821681,0.312207796414592,0.00978518001705223,50.4326576377302
2033,high_immigration,0.303664456473963,0.375043064543872,0.311212948098067,0.0100795308840978,50.4586644461721
2034,high_immigration,0.301994497762944,0.377407162422649,0.310227124267417,0.0103712155469907,50.48443586925
2035,high_immigration,0.300339601374637,0.37974996254288,0.30925016803822,0.0106602680442639,50.5099742854081
2036,high_immigration,0.299204042512136,0.381945023560312,0.307919484106165,0.0109314498213868,50.5302717666333
2037,high_immigration,0.298074555761762,0.384128354621768,0.306595907563055,0.0112011820534154,50.5504606195191
2038,high_immigration,0.296951068091089,0.386300062157777,0.305279393079556,0.0114694766715781,50.5705424491667
2039,high_immigration,0.295833571102799,0.38846022655396,0.303969856599785,0.0117363457434554,50.5905168360559
2040,high_immigration,0.294721989580413,0.390608937631894,0.30266727153758,0.0120018012501134,50.6103857348563
2041,high_immigration,0.293644418805179,0.391687375214779,0.302597144976532,0.0120710610035092,50.6329557264256
2042,high_immigration,0.292571672232722,0.392760971214801,0.302527346021445,0.0121400105310313,50.655424994486
2043,high_immigration,0.291503724586868,0.393829784310589,0.302457839757746,0.0122086513447982,50.6777932645644
2044,high_immigration,0.290440529580823,0.394893816157201,0.302388669470417,0.0122769847915591,50.70006246341
2045,high_immigration,0.289382090710484,0.395953105628258,0.302319787435766,0.0123450162254916,50.7222317720074
2046,high_immigration,0.288925771090532,0.395097247225682,0.303768617666277,0.0122083640175092,50.7337317508848
2047,high_immigration,0.288473622701139,0.394249199981426,0.30520421605035,0.0120729612670851,50.7451266238524
2048,high_immigration,0.288025598294487,0.393408858136186,0.306626754678091,0.0119387888912358,50.7564175467811
2049,high_immigration,0.287581618754485,0.392576127487281,0.308036424055318,0.0118058297029172,50.7676065388872
2050,high_immigration,0.287141638950333,0.391750890900729,0.309433399782245,0.0116740703666929,50.7786950094952
2051,high_immigration,0.287784137586958,0.388843388288858,0.311774238590171,0.0115982355340133,50.8029588506324
2052,high_immigration,0.28841945633501,0.385968373196903,0.31408892268472,0.0115232477833659,50.8269514982613
2053,high_immigration,0.289047702524118,0.383125321039393,0.316377883997989,0.0114490924385001,50.8506778122163
2054,high_immigration,0.289669018557916,0.380313676145244,0.31864154698382,0.011375758313021,50.87414172239
2055,high_immigration,0.290283510328612,0.377532931163254,0.320880329151843,0.0113032293562913,50.8973475669742
2056,high_immigration,0.291266765635539,0.37517354402654,0.322230110589303,0.0113295797486182,50.9320196859302
2057,high_immigration,0.292239220425011,0.372840069318847,0.323565068788859,0.0113556414672826,50.9663111805368
2058,high_immigration,0.293201057684062,0.370532090480085,0.324885431764027,0.0113814200718253,51.0002276685355
2059,high_immigration,0.294152448631196,0.368249185343212,0.326191450126876,0.0114069158987147,51.0337754193552
2060,high_immigration,0.295093553715762,0.365990947340397,0.327483361128645,0.0114321378151963,51.0669610972017
2061,high_immigration,0.29488975166551,0.365514401593066,0.327995178189223,0.011600668552201,51.0937303708615
2062,high_immigration,0.294687829071622,0.365042256306628,0.328502272484249,0.0117676421375007,51.1202524254807
2063,high_immigration,0.294487772505042,0.364574460798758,0.329004691617933,0.0119330750782678,51.146529923256
2064,high_immigration,0.294289549481839,0.364110942141933,0.329502515455513,0.0120969929207146,51.1725667964897
2065,high_immigration,0.294093134416492,0.363651670278752,0.329995781077669,0.0122594142270876,51.1983656218806
2066,high_immigration,0.293534659867515,0.363914109633305,0.330081592422829,0.0124696380763508,51.2086088438694
2067,high_immigration,0.292980042082814,0.364174747803748,0.33016680006361,0.0126784100498281,51.2187811395341
2068,high_immigration,0.292429242080774,0.364433585849704,0.330251426799355,0.0128857452701663,51.2288834882295
2069,high_immigration,0.291882217430638,0.364690650873189,0.330335474829268,0.0130916568669057,51.2389166120414
2070,high_immigration,0.291338947814412,0.364945958965933,0.330418932180687,0.0132961610389678,51.248880547782
2071,high_immigration,0.290917364215362,0.366228553847397,0.329383539801183,0.0134705421360572,51.2407245643533
2072,high_immigration,0.290498162044465,0.367503918123591,0.328353980117673,0.0136439397142695,51.2326144631722
2073,high_immigration,0.290081308608841,0.368772113239858,0.327330215514854,0.0138163626364468,51.2245501418581
2074,high_immigration,0.289666796475984,0.370033197432927,0.326312187344496,0.0139878187465925,51.2165309067769
2075,high_immigration,0.289254608087133,0.371287232708434,0.325299842582338,0.0141583166220962,51.2085562292513
2076,high_immigration,0.289050514874763,0.372472480481869,0.324388737993873,0.0140882666494952,51.2037624674144
2077,high_immigration,0.288847770918795,0.373649920263344,0.323483631467186,0.0140186773506747,51.1990000803616
2078,high_immigration,0.288646356664029,0.374819621770503,0.32258447678311,0.013949544782358,51.1942691563404
2079,high_immigration,0.288446260673294,0.375981669653171,0.32169120395618,0.0138808657173556,51.1895692376615
2080,high_immigration,0.288247478049963,0.377136131961015,0.320803756530863,0.0138126334581578,51.1848996876639
2081,high_immigration,0.288413218929404,0.376896318966826,0.320880220408779,0.0138102416949913,51.1815739692034
2082,high_immigration,0.288577718512433,0.376658301533312,0.320956109700234,0.0138078702540207,51.1782733862588
2083,high_immigration,0.288740974575497,0.376422076308175,0.321031434346191,0.013805514770137,51.1749975368056
2084,high_immigration,0.288903018747578,0.376187612576122,0.321106190360546,0.013803178315754,51.1717460698525
2085,high_immigration,0.289063856821507,0.375954889493292,0.321180395534763,0.0138008581504377,51.1685188747705
2086,high_immigration,0.289410457101224,0.375274360585668,0.321457347311434,0.0138578350016735,51.160908218344
2087,high_immigration,0.289754389570626,0.374599061140666,0.321732172951477,0.0139143763372303,51.1533562601397
2088,high_immigration,0.290095690755911,0.373928923706644,0.322004903037404,0.0139704825000404,51.1458619934278
2089,high_immigration,0.290434388258837,0.373263903192558,0.322275545228683,0.0140261633199227,51.1384249834465
2090,high_immigration,0.290770512069365,0.372603935426874,0.322544132833849,0.0140814196699122,51.1310444344137
2091,high_immigration,0.290773704214159,0.37191730254951,0.323323215068809,0.0139857781675227,51.1419002477328
2092,high_immigration,0.290776859948253,0.371236312429297,0.324095903998899,0.0138909236235513,51.1526672266323
2093,high_immigration,0.290779988805675,0.370560904268498,0.3248622605836,0.0137968463422272,51.1633460752329
2094,high_immigration,0.290783096554764,0.369891018235496,0.325622349192769,0.0137035360169709,51.1739372451958
2095,high_immigration,0.29078618122848,0.369226559542322,0.326376275611942,0.0136109836172548,51.1844427145655
2096,high_immigration,0.290420170011509,0.36895609635169,0.327041619013531,0.0135821146232701,51.208148681697
2097,high_immigration,0.290057218643465,0.368687896731534,0.327701396762352,0.0135534878626495,51.2316563656395
2098,high_immigration,0.289697296909399,0.368421932117017,0.328355672011743,0.0135250989618409,51.2549679249269
2099,high_immigration,0.28934036281533,0.368158177911653,0.329004512561193,0.0134969467118235,51.2780857917271
2100,high_immigration,0.288986378770696,0.367896604568806,0.329647990270842,0.0134690263896574,51.3010127350482
