year,scenario,share_25_39,share_40_59,share_60_79,share_80,average_age,price,price_index,births,fertility_rate,theta,average_age_bridge,young_homeownership_proxy,old_homeownership_proxy,young_housing_burden_proxy
2020,low_immigration,0.318865981332888,0.383868773685741,0.291250211022057,0.0060150339593141,49.5040238638905,0.6639564475044608,1.0,0.09126329844595112,0.22,0.4197088232833008,49.92830808287469,0.39899999999999997,0.7599999999999999,1.0
2021,low_immigration,0.318615071764913,0.380497815555189,0.294699279238067,0.0061878334418306,49.593985729983,0.6591917155310512,0.9952466013547444,0.09102269564381625,0.22,0.4230061406471709,50.006950748851175,0.39960572049092913,0.7600434516639301,1.0078640693835332
2022,low_immigration,0.318367541566906,0.377172247872283,0.298101905424053,0.0063583051367573,49.6827361570511,0.654459991492331,0.9905484929285238,0.09078533277769489,0.22,0.4262590582696934,50.084534437731264,0.40020754884988846,0.7600865969864654,1.0155276603420267
2023,low_immigration,0.318123319859017,0.373891163897355,0.301459019260572,0.0065264969830566,49.7702995239681,0.6497609009966254,0.9859047351838817,0.09055114438333826,0.22,0.4294684666404132,50.1610804456619,0.40080552474327363,0.7601294394916812,1.0107021432389485
2024,low_immigration,0.317882352261119,0.370653671681837,0.304771522473296,0.0066924535837486,49.8566992647039,0.645094022154808,0.9813143569362054,0.0903200694399472,0.22,0.4326352256121723,50.23660911920069,0.40139969408917053,0.7601719831341935,1.0059328147620608
2025,low_immigration,0.317644554421043,0.367458921124121,0.308040303896572,0.0068562205582632,49.9419586805004,0.6404590336605906,0.9767765007621123,0.09009204263445612,0.22,0.4357601888461952,50.31114110259017,0.40199009020138105,0.7602142309492612,1.0012187567437243
2026,low_immigration,0.316580213265747,0.368078518942014,0.308137188223776,0.0072040795684626,49.9855132778071,0.6434508198872209,0.9797031830644811,0.0898919654602751,0.22,0.4363201090231527,50.34231445916304,0.4016089694667304,0.7601869614685821,1.0041569538659365
2027,low_immigration,0.315524927261584,0.368692844174087,0.308233252601537,0.0075489759627912,50.0286972312417,0.6464319163933396,0.9826281304095521,0.08969359042712326,0.22,0.43687526661865783,50.373222591818106,0.40122932874948825,0.7601597873109399,1.00709718150815
2028,low_immigration,0.314478593114607,0.369301962280767,0.308328498002175,0.00789094660245,50.0715147176814,0.6494023622944951,0.9855513135411593,0.08949689841065572,0.22,0.43742571117697143,50.40386845191256,0.4008511622170384,0.7601327081424656,1.010039265727365
2029,low_immigration,0.313441104690573,0.369905927698373,0.308422937246679,0.0082300303643753,50.1139705321444,0.6523622022941709,0.9884727090395595,0.08930186905533657,0.22,0.43797150514636296,50.43425533896201,0.40047446332695436,0.7601057235781509,1.0129796556126078
2030,low_immigration,0.312412335336828,0.370504818118217,0.308516583548434,0.0085662629965207,50.1560694813388,0.6553115537390113,0.991392365882787,0.0891084787706041,0.22,0.43851271158993504,50.464386823968056,0.4000992162980737,0.760078832570424,1.015918400375681
2031,low_immigration,0.310963804974185,0.37320016018657,0.307046179478853,0.0087898553603923,50.163430933939,0.6624571261927485,0.9985018021089593,0.08893804590458206,0.22,0.437607860609193,50.4671475910208,0.3991905692329556,0.760013673543843,1.0231504868164227
2032,low_immigration,0.309525378438151,0.375876709434386,0.305586021831191,0.0090118902962728,50.170740964005,0.6695807995274663,1.0056401983854222,0.08876880227528444,0.22,0.4367093141489948,50.46988896799254,0.3982853972606106,0.7599487021591658,1.0304148818302477
2033,low_immigration,0.308096944422718,0.37853466138116,0.304136011939847,0.0092323822562748,50.1780002425068,0.6766828587278724,1.0128077366220263,0.08860073414896176,0.22,0.43581701311310195,50.472611370215745,0.3973836634857342,0.7598839159282221,1.037711777518014
2034,low_immigration,0.306678398547389,0.381174214582167,0.302696040129217,0.0094513467412267,50.1852092423707,0.68376359436661,1.0200046099677065,0.08843382948244477,0.22,0.434930888401291,50.475314903612436,0.39648533031359484,0.7598193123095864,1.0450383895699373
2035,low_immigration,0.305269634789146,0.383795555879553,0.301266007002827,0.009668802328473,50.1923687740729,0.6908232802525163,1.027231000125477,0.08826807522698753,0.22,0.4340508831797982,50.478000002264864,0.3955903622878493,0.759754888912536,1.0523949034384545
2036,low_immigration,0.304321352312548,0.386189646788926,0.299624044760655,0.0098649561378712,50.1991482738839,0.6965907923877239,1.0331726852845522,0.08819112808215147,0.22,0.4328918979617914,50.4677383919486,0.3948597238004393,0.7597022485207103,1.0584349623818463
2037,low_immigration,0.303376507994497,0.388575058575837,0.297988034578721,0.0100603988509443,50.2059031189322,0.7023470671847463,1.039137060997652,0.08811445998046037,0.22,0.4317371138875242,50.45751396662449,0.3941309769952524,0.7596497028304442,1.0645105538143653
2038,low_immigration,0.302435082222799,0.390951839451784,0.296357943481029,0.0102551348443875,50.2126335837627,0.7080922359600663,1.0451242610629412,0.0880380692588639,0.22,0.43058650815945504,50.44732654347539,0.39340410545460236,0.7595972506891723,1.0706219092904825
2039,low_immigration,0.301497058056274,0.393320033797623,0.294733740373827,0.0104491677722763,50.2193397672638,0.7138264244422317,1.051134415774848,0.08796195463124955,0.22,0.42944005862305185,50.43717590854618,0.3926790934732065,0.7595448909945494,1.0767566064235243
2040,low_immigration,0.300562411884276,0.395679682888375,0.293115405613411,0.0106424996139379,50.2260219382537,0.7195497555658221,1.057167654734904,0.08788611317340135,0.22,0.42829775292197264,50.42706214251849,0.39195592570369914,0.7594926226689741,1.082914777471837
2041,low_immigration,0.299615108776062,0.396881253423214,0.292839527628303,0.0106641101724227,50.2402229264965,0.7234893450513482,1.0613406759098747,0.08774379286901042,0.22,0.42821100770424386,50.43878150924395,0.391458416621524,0.7594566398541214,1.0871672915252928
2042,low_immigration,0.298670773564314,0.398079075342869,0.292564498923649,0.0106856521691665,50.2543790922149,0.7274309350177646,1.0655323010760378,0.08760191932800689,0.22,0.4281245199488869,50.450463832256986,0.39096088053422723,0.7594206350866017,1.091429002873444
2043,low_immigration,0.297729370607867,0.399273163567456,0.292290338152342,0.0107071276723364,50.2684915994994,0.7313745869323611,1.0697426862652524,0.08746048552994083,0.22,0.42803831365103057,50.462110171415496,0.3904633109640592,0.7593846077993799,1.095699980292065
2044,low_immigration,0.296790899094337,0.400463545197137,0.292017019244716,0.0107285364638097,50.2825598678651,0.7353203343227506,1.0739719590118229,0.08731949278659668,0.22,0.42795236527352265,50.4737200128896,0.3899657049713976,0.7593485576804704,1.0999901039422135
2045,low_immigration,0.295855331452418,0.401650226820198,0.291744562805735,0.0107498789216485,50.2965850026759,0.739268216304481,1.0782202539234118,0.08717893539464285,0.22,0.42786669783678255,50.485294262807635,0.38946805892146075,0.7593124843666988,1.1042995101799005
2046,low_immigration,0.293968271416313,0.40174528573375,0.293659021545883,0.0106274213040537,50.3526962269062,0.7436541421338916,1.0829596336715548,0.08676901042694511,0.22,0.4297625578524961,50.55287203090581,0.38891546561321166,0.7592724041475323,1.1091116600316875
2047,low_immigration,0.292088132009952,0.401839989512885,0.295566465442634,0.0105054130345291,50.4086018520233,0.7480724807828665,1.087755102277113,0.08636058846539811,0.22,0.431651470827954,50.620202096231665,0.3883590770178719,0.7592320231193527,1.1139407178458438
2048,low_immigration,0.290214870551677,0.401934347753327,0.297466930532547,0.0103838511624479,50.4643028828217,0.7525236597284675,1.0926076867352086,0.08595366064780192,0.22,0.4335334729427439,50.6872858364512,0.3877988470320123,0.7591913372729882,1.118787345495987
2049,low_immigration,0.288348446457025,0.40202836463203,0.299360455093752,0.0102627338171916,50.5198007205246,0.7570081008598208,1.0975184243131648,0.08554821827530715,0.22,0.4354086030512955,50.75412467030137,0.387234730471409,0.7591503426477978,1.1236928652757532
2050,low_immigration,0.286488839639993,0.402122035007058,0.301247067381081,0.0101420579718679,50.5750958013822,0.7615261701866984,1.1024883073255738,0.08514425664618665,0.22,0.43727688687165506,50.82071942206371,0.38666668939463344,0.7591090357914889,1.1286582769017661
2051,low_immigration,0.285268421217712,0.400337712331049,0.304304388600118,0.01008947785112,50.6489084906279,0.7615559007972479,1.1025210854633287,0.08477762684610433,0.22,0.4401642166234574,50.901619475151506,0.386662952488111,0.7591087639606844,1.1285692727877623
2052,low_immigration,0.284053692663063,0.39856170183649,0.307347462215668,0.0100371432847789,50.7223772197109,0.7615857906639576,1.1025540401641214,0.08441270598688082,0.22,0.4430380910509428,50.982142492895505,0.3866591955777825,0.7591084906735691,1.1284863110477696
2053,low_immigration,0.282844621256646,0.396793955396585,0.31037637238744,0.0099850509593291,50.7955039512566,0.7616158397868276,1.1025871714437254,0.08404948422327431,0.22,0.4458985878235953,51.06229063001704,0.38665541866386394,0.7591082159301399,1.1284094279434715
2054,low_immigration,0.281641158502905,0.395034410172073,0.313391229988063,0.0099332013369583,50.8682913729775,0.7616460593417287,1.1026204916407443,0.08368794743010312,0.22,0.44874581441708344,51.142066966737616,0.3866516203418704,0.7591079396282104,1.1283332404653457
2055,low_immigration,0.280443265598588,0.393283005852926,0.316392136213604,0.0098815923348829,50.9407421341001,0.7616764521226287,1.1026540038530248,0.08332808375360029,0.22,0.45157986585385,51.22147414251076,0.38664780026086115,0.7591076617422314,1.1282577482407532
2056,low_immigration,0.279362337107911,0.392104508676593,0.318606593876568,0.0099265603389289,51.0200820278884,0.7623665565624833,1.1034152129033696,0.08302546214095304,0.22,0.4537754882277606,51.28605106848029,0.3865610645080944,0.7591013519498314,1.1289272728805175
2057,low_immigration,0.278285683549396,0.390930673423621,0.320812293348562,0.0099713496784204,51.0991080578142,0.7630599578842521,1.1041805877957713,0.08272403741916626,0.22,0.45596242619187477,51.350372570048606,0.3864739216356931,0.7590950118996054,1.1296098395203205
2058,low_immigration,0.277213285456334,0.389761477707442,0.323009275124847,0.010015961711377,51.1778218346829,0.7637566616758704,1.1049501426426815,0.08242380407430279,0.22,0.4581407203341515,51.41443983920809,0.38638637105013884,0.7590886415388355,1.130305409317515
2059,low_immigration,0.276145117950686,0.388596889214025,0.325197595580156,0.0100603972551329,51.2562251489749,0.7644566874951124,1.1057239070674465,0.0821247548559223,0.22,0.4603104258591571,51.47825446374767,0.38629841040349977,0.7590822406870543,1.131005515110388
2060,low_immigration,0.27508115529481,0.387436886444846,0.327377298607063,0.0101046596532808,51.3343198581658,0.7651600716635585,1.1065019293505514,0.08182688291932472,0.22,0.46247158914008796,51.54181787390714,0.38621003524315306,0.7590758090104859,1.131710204103529
2061,low_immigration,0.274512418146558,0.386309050789712,0.328895705635445,0.010282825428285,51.3991748305726,0.7646862426772714,1.1059777608559624,0.08163972978567692,0.22,0.46408381523537323,51.58757297070683,0.3862695676225358,0.7590801416696323,1.1310833689916961
2062,low_immigration,0.273944818407147,0.38518349494214,0.330411054391763,0.0104606322589507,51.4638993508479,0.7642107708379626,1.1054520245720774,0.08145295227139004,0.22,0.46569279522457024,51.633236049608215,0.3863293098301417,0.7590844892974477,1.1304720118682088
2063,low_immigration,0.273378372807482,0.384060197774226,0.331923347358514,0.0106380820597781,51.5284933872011,0.7637335835024714,1.1049246427059396,0.08126655289522847,0.22,0.4672985305553406,51.67880692586259,0.3863892710281278,0.7590888525576002,1.1298759097234463
2064,low_immigration,0.272813067018283,0.382939158338101,0.333432600118706,0.010815174524911,51.592957536219,0.7632547030225396,1.104395642536789,0.08108052845261782,0.22,0.46890103712651293,51.724286152564005,0.38644944844318474,0.759093231245134,1.1292783195330431
2065,low_immigration,0.27224888650074,0.381820371743136,0.334938829695602,0.0109919120605225,51.6572924937266,0.7627741517499089,1.103865051303637,0.08089487547603529,0.22,0.47050033460540114,51.76967439799505,0.38650983930145166,0.759097625155101,1.128679269142853
2066,low_immigration,0.27175560568019,0.380925997527261,0.33610610444101,0.0112122923515391,51.6947570848931,0.7624946292489767,1.1035565393038367,0.08073716311364117,0.22,0.47182321626126567,51.80837390613882,0.3865449684885397,0.7591001809377599,1.1283074444780399
2067,low_immigration,0.271262171150366,0.380031337288289,0.337273750182599,0.0114327413787465,51.7322334773484,0.7622136818245053,1.1032465414849442,0.08057940120393642,0.22,0.47314651673265606,51.847085620572365,0.38658027794386496,0.7591027497303957,1.127938423881196
2068,low_immigration,0.270768569187499,0.379136402435432,0.338441766570723,0.0116532618063448,51.7697219663145,0.7619313513860106,1.102935105371135,0.08042158735519854,0.22,0.4744702401612362,51.885809855726684,0.38661576241779294,0.7591053311495359,1.1275721890970667
2069,low_immigration,0.270274821478499,0.378241168958365,0.339610156038431,0.0118738535247042,51.8072222632237,0.7616475289687514,1.1026221120828055,0.08026372501797986,0.22,0.47579438538504687,51.92454627739832,0.38665143562353044,0.7591079261911843,1.1272043726982408
2070,low_immigration,0.269780906572645,0.377345648542187,0.340778930390431,0.0120945144947367,51.8447348651909,0.7613622872158885,1.1023076430707879,0.08010581011580219,0.22,0.47711896441075413,51.963295434876784,0.38668728844904693,0.7591105341908572,1.1268350583238185
2071,low_immigration,0.269541927527949,0.377256712785229,0.340906216921671,0.0122951427651514,51.8579841432873,0.7618170557543635,1.102809051910418,0.08004834325933637,0.22,0.4774499345889479,51.97614246103145,0.3866301279146795,0.75910637617825,1.1272997510884841
2072,low_immigration,0.269302527154367,0.377167615423019,0.341033737510104,0.0124961199125094,51.8712566941407,0.7622734000906348,1.1033124274227923,0.07999077482222679,0.22,0.47778149260719704,51.98901218233217,0.3865727724559633,0.759102203708652,1.1277816370505858
2073,low_immigration,0.269062711640913,0.377078370117631,0.341161473078725,0.0126974451627302,51.8845521392696,0.7627313425764441,1.1038177967646452,0.07993310691747056,0.22,0.47811361967117266,52.00190408532176,0.386515219297871,0.759098016577181,1.128280758079253
2074,low_immigration,0.268822479449035,0.376988972289823,0.34128942905019,0.0128991192109516,51.8978706602501,0.7631908776238561,1.10432515629403,0.07987533895472795,0.22,0.4784463215176722,52.014818326579686,0.3864574691772414,0.7590938148344103,1.128781866683122
2075,low_immigration,0.268581829548039,0.376899409307499,0.341417616147534,0.0131011449969281,51.9112125132514,0.7636519996449351,1.104834502368349,0.07981747001248102,0.22,0.4787796105978101,52.027755228266315,0.3863995228309034,0.759089598530914,1.1292849592324028
2076,low_immigration,0.268444745557444,0.376750775277442,0.341718478079608,0.0130860010855063,51.9233211137509,0.7637464022263885,1.1049388065206645,0.07977913666289699,0.22,0.4790573194149863,52.035709547444846,0.3863876602403272,0.7590887353476772,1.1293740056506738
2077,low_immigration,0.268307472588528,0.376601939495684,0.342019751332634,0.013070836583153,51.9354461414541,0.763841045089066,1.1050433860411715,0.07974075064173879,0.22,0.47933540823592913,52.04367477213956,0.3863757675914868,0.7590878699652762,1.1294662825960018
2078,low_immigration,0.268170019129755,0.376452901319436,0.342321427641771,0.0130556519090367,51.9475873045448,0.763935917057097,1.1051482286551988,0.07970231378111509,0.22,0.47961386872626366,52.051650601290255,0.3863638462897428,0.7590870024858832,1.1295617857661209
2079,low_immigration,0.268032389881552,0.376303671031799,0.342623492095181,0.0130404469914683,51.9597441553228,0.7640310181304812,1.1052533344357498,0.07966382768069039,0.22,0.4798926866957515,52.059636652216255,0.3863518963360947,0.7590861329094832,1.12965753989273
2080,low_immigration,0.267894565197544,0.376154243753581,0.342925970204021,0.0130252208448536,51.9719176856071,0.764126387424767,1.1053587466927282,0.07962528774990664,0.22,0.48017188716435555,52.06763374889142,0.38633991281655355,0.759085260878398,1.1297535897499154
2081,low_immigration,0.267855324547125,0.375986974696808,0.343079680630376,0.0130780201256916,51.9823924409467,0.763937565498054,1.105150050428304,0.07960745500869194,0.22,0.4803636319983921,52.073005046866456,0.3863636391532384,0.7590869874130396,1.1295285841822325
2082,low_immigration,0.267816041455026,0.375819555877576,0.343233536089957,0.0131308665774395,51.9928770007969,0.7637484865263104,1.1049411095469328,0.0795896046933724,0.22,0.480555556182403,52.07838142694802,0.3863873983295554,0.759088716289565,1.129306470483841
2083,low_immigration,0.267776729879954,0.375651982920371,0.343387525683365,0.0131837615163097,52.0033707999481,0.7635591113939881,1.104731880990072,0.07957173963421028,0.22,0.48074764899771416,52.08376246701554,0.3864111952629376,0.7590904478655968,1.1290872084271373
2084,low_immigration,0.267737369550367,0.375484253951886,0.343541672893367,0.01323670360438,52.0138747476149,0.7633694848045707,1.1045224143121126,0.07955385526843446,0.22,0.4809399334154173,52.08914895066951,0.38643502433818455,0.7590921817323463,1.128867700128657
2085,low_immigration,0.267697990122097,0.375316375162493,0.343695939139636,0.0132896955757746,52.0243876504314,0.7631795452907681,1.104312641784431,0.07953595846079846,0.22,0.481132372725555,52.094539670717175,0.3864588932817972,0.7590939184518065,1.1286478761104872
2086,low_immigration,0.267743704821119,0.375019612366327,0.343836092270927,0.0134005905416279,52.0260138809124,0.7625472480431199,1.1036146086459597,0.07952969374079416,0.22,0.48135145880813157,52.099925022568655,0.3865383554943044,0.7590996998251275,1.1279290315322472
2087,low_immigration,0.267789472105565,0.37472251508567,0.343976402521768,0.013511610286998,52.0276421118716,0.7619141014292836,1.102916079952389,0.07952342219293615,0.22,0.48157079071205466,52.10531640234146,0.38661793050375565,0.7591054888696737,1.1272114493147776
2088,low_immigration,0.267835293610927,0.37442507636748,0.344116876605206,0.0136227534163877,52.0292721509659,0.7612800886854529,1.1022170387262624,0.07951714379461534,0.22,0.4817903729777953,52.11071387311276,0.3866976204378864,0.7591112857383351,1.1264951096260067
2089,low_immigration,0.267881166557714,0.374127309670727,0.344257501963441,0.0137340218081172,52.0309038143028,0.7606452377513051,1.10151751727901,0.07951085867458706,0.22,0.48201019641074533,52.11611728965636,0.38677742180559055,0.7591170901752708,1.125778279475369
2090,low_immigration,0.267927098932979,0.373829208044134,0.344398278956138,0.0138454140667499,52.0325371304215,0.7600095150992274,1.1008174801799122,0.07950456820768274,0.22,0.48223025888065235,52.12152647683155,0.38685733884207274,0.759122902486637,1.1250609226743442
2091,low_immigration,0.267828745441908,0.37349285306758,0.344870469793501,0.0138079316970112,52.0429833529137,0.7596765076741576,1.1004509608155875,0.07946443091593666,0.22,0.4826362495251749,52.13154826739549,0.3868992038167201,0.7591259470824883,1.1246844287255091
2092,low_immigration,0.267730354615262,0.373156351238823,0.345342860273249,0.0137704338726661,52.0534340240205,0.7593429302796721,1.1000839364702355,0.0794242773334929,0.22,0.4830424115390342,52.141574232814214,0.3869411421224029,0.7591289968630744,1.1243022998106078
2093,low_immigration,0.267631917043271,0.372819698311961,0.34581546547654,0.0137329191682277,52.0638894881578,0.7590087940916419,1.099716420020882,0.07938410515667747,0.22,0.4834487586238003,52.1516047959045,0.3869831523620148,0.7591320517260848,1.1239145525057703
2094,low_immigration,0.267533442052522,0.372482895937942,0.34628827459708,0.0136953874124563,52.0743492982089,0.7586740823462605,1.0993483936133288,0.07934391652814166,0.22,0.4838552795007044,52.1616395721024,0.3870252366512415,0.7591351118246489,1.1235262867811175
2095,low_immigration,0.26743491648768,0.372145947416293,0.346761297834217,0.0136578382618094,52.0848139277266,0.7583388285711408,1.0989798946879774,0.0793037087351857,0.22,0.48426198501327183,52.171678985135095,0.38706739078244673,0.7591381768521076,1.1231375408978936
2096,low_immigration,0.267157147217914,0.371913182480118,0.347244673012071,0.0136849972898974,52.1037803588507,0.7586449468508363,1.0993163640198382,0.07922979742434758,0.22,0.4847631311890845,52.187035801269815,0.3870289000223335,0.7591353781943495,1.1234692546838392
2097,low_immigration,0.266879353754737,0.37168041214601,0.347728074007483,0.0137121600917702,52.1227481081212,0.7589518083259463,1.0996537536242024,0.07915588049407268,0.22,0.48526430762611744,52.20239367224077,0.3869903172302606,0.7591325727197149,1.1237968026747878
2098,low_immigration,0.266601539962364,0.371447613695912,0.34821152238286,0.0137393239588637,52.1417174386142,0.7592593682929873,1.0999920151116032,0.07908195754499524,0.22,0.4857655307131967,52.21775287906116,0.386951648037382,0.7591297608367478,1.124120132575341
2099,low_immigration,0.266323696366407,0.371214797940434,0.348695015391448,0.0137664903017112,52.1606886280113,0.7595676658675075,1.1003311922629135,0.07900802708733341,0.22,0.4862668006688823,52.233113575619036,0.38691288753615627,0.7591269421876748,1.1244443823979193
2100,low_immigration,0.266045829887082,0.370981959151575,0.349178553119518,0.0137936578418253,52.1796614354714,0.7598766842857003,1.1006712674094705,0.07893409032849466,0.22,0.4867681153821467,52.24847560354211,0.3868740378448021,0.7591241169256021,1.1247695337432837
2020,medium_immigration,0.31886598407606,0.383868770453639,0.291250211726979,0.0060150337433209,49.5040238818664,0.6639564363285899,1.0,0.09126329887168334,0.22,0.41970882331186093,49.928308042379754,0.39899999999999997,0.7599999999999999,1.0
2021,medium_immigration,0.318413705093974,0.380356332178792,0.295014759286662,0.0062152034405733,49.6060054008664,0.6593543412163854,0.9954084783013362,0.09097061339050784,0.22,0.4233449106904157,50.01761905152624,0.3995850400717441,0.760041968596373,1.0080279986210239
2022,medium_immigration,0.317968115031207,0.376895759772462,0.298723708859821,0.0064124163365084,49.7064806470251,0.6547840777784586,0.9908695792098822,0.09068225209435095,0.22,0.42692729542201546,50.10561086241372,0.4001663172367934,0.7600836419349916,1.0158497630660026
2023,medium_immigration,0.317529045662669,0.373485929681351,0.302378285344594,0.0066067393113855,49.8054832057641,0.6502453358843923,0.986382468560647,0.09039811617826149,0.22,0.4304571653409812,50.19231295679241,0.4007438635766273,0.7601250229465261,1.0111708925763225
2024,medium_immigration,0.317096373440077,0.370125718455318,0.305979674440901,0.0067982336637039,49.9030447017209,0.6457376880571246,0.981946209827057,0.09011811667185943,0.22,0.4339356612781329,50.27775308035964,0.40131772629035556,0.7601661156293039,1.0065460112619156
2025,medium_immigration,0.316669956768509,0.366814051836025,0.309529030457215,0.0069869609382504,49.9991965204611,0.6412607682868838,0.9775599412393418,0.08984216334005336,0.22,0.4373638987406426,50.36195867431201,0.4018879449458887,0.7602069234188873,1.0019741832742577
2026,medium_immigration,0.315405146575553,0.367275201701207,0.309943975144682,0.0073756765785582,50.0555088217958,0.6443909676745534,0.980624692908311,0.08958926834018804,0.22,0.4382769145645833,50.4042475734675,0.4014892280647351,0.7601783916857776,1.0050406619839227
2027,medium_immigration,0.314152846255314,0.367731793510943,0.310354811399298,0.0077605488344443,50.1112642016156,0.6475099856033921,0.9836880537622331,0.08933887481927094,0.22,0.439180897272071,50.446118157968485,0.40109206505481454,0.7601499595602307,1.0081089030913253
2028,medium_immigration,0.31291286975059,0.368183890123625,0.310761606382266,0.0081416337435197,50.1664709200201,0.6506178863346577,0.9867500142538489,0.08909094530192918,0.22,0.4400759856506187,50.48757673618738,0.4006964468226205,0.7601216264812648,1.0111787225938054
2029,medium_immigration,0.311685029471742,0.36863156185936,0.311164419486225,0.008518989182673,50.2211372148837,0.6537147704511881,0.9898106013957362,0.08884544238604804,0.22,0.4409623133812469,50.52862954404055,0.4003023596581421,0.7600933915564546,1.0142473833485015
2030,medium_immigration,0.310469154526731,0.369074865552124,0.311563312846218,0.0088926670749281,50.2752709214009,0.656800682656467,0.9928697877741075,0.08860233160124764,0.22,0.4418400087500219,50.56928239849192,0.3999097969696047,0.760065254402516,1.01731485366319
2031,medium_immigration,0.308862022578101,0.371617612480378,0.310361993470815,0.0091583714707055,50.2937749848994,0.6640660827979445,1.0001096524807485,0.08838861365360302,0.22,0.4412390250606533,50.58148480415603,0.3989860647315317,0.7599990000227741,1.0246658941950157
2032,medium_immigration,0.307268065172471,0.374139508032562,0.309170530809959,0.009421895985008,50.3121276170529,0.6713088434189558,1.0073795023999192,0.08817664727973454,0.22,0.44064297433959965,50.593587303223686,0.39806592587963086,0.7599329396383752,1.03205107537241
2033,medium_immigration,0.305687127768889,0.376640808727302,0.307988793612055,0.0096832698917533,50.3303301387043,0.6785292467102408,1.0146795114643605,0.08796641258915719,0.22,0.44005178798809413,50.60559086798398,0.39714934382539846,0.7598670707922227,1.0394705761489498
2034,medium_immigration,0.304119055088015,0.379121755849189,0.30681667356398,0.0099425154988161,50.3483845526336,0.6857275580987334,1.0220098418957693,0.0877578886910687,0.22,0.4394654118933143,50.61749672995323,0.3962362841091575,0.759801391177889,1.0469207706379802
2035,medium_immigration,0.302563674614341,0.381582608989884,0.305654053415348,0.0101996629804273,50.3662931450651,0.6929041156545281,1.0293707356954283,0.08755105190959864,0.22,0.4388837935640466,50.62930648345904,0.3953267030671256,0.7597358978237672,1.054401906212488
2036,medium_immigration,0.301506749844363,0.38386374568941,0.304192906341232,0.0104365981249948,50.3808217971257,0.6987772984430194,1.0354342066904576,0.08744399097867742,0.22,0.4379405415429497,50.625806247360615,0.3945828545598058,0.7596822899996013,1.0605537786625336
2037,medium_immigration,0.300454657865201,0.386134444698115,0.302738447488792,0.0106724499478928,50.395284061859,0.7046383554115891,1.0415207649717189,0.08733741918874054,0.22,0.4370016090132362,50.622322160545586,0.3938410283096103,0.7596287847031977,1.0667431119978212
2038,medium_immigration,0.299407381998172,0.388394776118146,0.30129061698055,0.0109072249031326,50.4096799558222,0.7104873927310109,1.0476305094382061,0.08723133672609587,0.22,0.43606695039558857,50.61885351418856,0.39310121096437484,0.7595753810160857,1.0729700877638237
2039,medium_immigration,0.29836485735813,0.39064482269919,0.299849390936088,0.0111409290065918,50.4240107653401,0.7163246227428317,1.053763652558072,0.08712573386724405,0.22,0.43513655934469236,50.615401149655526,0.39236337575105207,0.7595220770495019,1.0792208100234253
2040,medium_immigration,0.297327083700321,0.392884634819615,0.298414708990492,0.0113735724895724,50.4382761950703,0.7221500901505351,1.0599202334412736,0.08702061332914945,0.22,0.4342103907770098,50.6119641759862,0.39162751709644583,0.7594688724445753,1.0854953178624502
2041,medium_immigration,0.296284625460294,0.393995467696537,0.298292930215669,0.0114269766274991,50.4586805105836,0.7262062719091773,1.064228193586021,0.08685236832457421,0.22,0.43430522233980723,50.62940044589691,0.39111544076491267,0.759431822161494,1.0898764349534544
2042,medium_immigration,0.295246356326899,0.395101856407939,0.298171621409823,0.0114801658553389,50.4790025297447,0.7302639679983258,1.0685552812313182,0.08668480049435442,0.22,0.4343996550896109,50.64676625106356,0.3906034130645664,0.7593947541448999,1.0942676993301281
2043,medium_immigration,0.294212257986236,0.396203793783216,0.298050806117913,0.0115331421126354,50.4992429667618,0.7343231393024325,1.07290154531323,0.0865179054150488,0.22,0.43449371470955817,50.66406244203453,0.390091440211705,0.7593576687479582,1.0986690753188342
2044,medium_immigration,0.293182300020861,0.397301313482955,0.297930481094208,0.0115859054019753,50.5194026496461,0.7383838417008519,1.0772671368768223,0.08635167824615195,0.22,0.43458740284343583,50.6812894862793,0.389579516440619,0.759320565455953,1.1030900394643004
2045,medium_immigration,0.292156463467602,0.398394453720351,0.297810624037858,0.0116384587741888,50.5394813169841,0.7424461198970675,1.0816521963139027,0.08618611691749174,0.22,0.4346807050107019,50.69844736268687,0.3890676374071586,0.7592834438560848,1.1075307339057077
2046,medium_immigration,0.290970829621239,0.397980690241052,0.299535620953605,0.0115128591841046,50.5746141008076,0.7444893261417747,1.083864494156758,0.08590252047993042,0.22,0.4362980076807528,50.74986510581563,0.3888102696691757,0.7592647713071247,1.1097465786676828
2047,medium_immigration,0.289793041384014,0.397569674908922,0.301249191637682,0.0113880920693812,50.6095143383012,0.7465348485857248,1.0860838323849953,0.08562080122447378,0.22,0.4379045991287548,50.800942416649484,0.3885526722524204,0.759246076599922,1.1119519230542856
2048,medium_immigration,0.28862303472989,0.397161370401578,0.302951445567529,0.0112641493010018,50.6441839434692,0.7485826453194022,1.088310190095463,0.08534094301266258,0.22,0.4395005801721943,50.851682357258,0.38829485077282033,0.7592273601141835,1.1141468159773704
2049,medium_immigration,0.287460725920119,0.396755749476071,0.30464250357644,0.0111410210273699,50.6786256273622,0.7506327414885163,1.0905436192370104,0.08506292592361009,0.22,0.4410860632554111,50.902088509261496,0.3880368024028487,0.7592086216167719,1.1163491575905642
2050,medium_immigration,0.286306038230049,0.396352791507075,0.30632246975883,0.0110187005040455,50.7128413288,0.7526851566508412,1.0927841659758504,0.08478673194349991,0.22,0.44266114750208063,50.952164091524104,0.38777852502212556,0.7591898609255777,1.1185589915980814
2051,medium_immigration,0.286001848797948,0.393974723904933,0.309063784962761,0.010959642334358,50.763391833091,0.7495502633973956,1.0893637683583466,0.08458901655031988,0.22,0.4451208072477149,51.01051243648905,0.38817304756588716,0.7592185159171468,1.1149749945646783
2052,medium_immigration,0.28570013704885,0.391615947580076,0.311782852782625,0.0109010625884503,50.8135319183088,0.7464230144396424,1.0859623779185315,0.08439290726765118,0.22,0.4475605032766403,51.06838706624542,0.3885667541803006,0.7592470987148482,1.1114229453479645
2053,medium_immigration,0.285400862982518,0.389276236164926,0.314479944327385,0.0108429565251712,50.8632666335392,0.7433033874258399,1.0825798591900464,0.08419838284522489,0.22,0.4499804813199229,51.12579395837137,0.3889596461526285,0.7592756095398749,1.107902558332265
2054,medium_immigration,0.285103992944093,0.386955363066341,0.317155326163036,0.0107853178265294,50.9126011385668,0.7401913711801171,1.0792160898481165,0.08400542341634921,0.22,0.4523809806489949,51.1827388404482,0.3893517233745725,0.7593040485111878,1.1044021952402612
2055,medium_immigration,0.284809501326177,0.38465309371907,0.319809264137078,0.0107281408176752,50.9615402931458,0.7370868874713778,1.0758708763460965,0.08381401044630779,0.22,0.4547622392603513,51.23922730447257,0.3897429942012125,0.7593324163603802,1.1009216445683405
2056,medium_immigration,0.284774771254463,0.382837198102982,0.321620513993097,0.010767516649457,51.0192337038178,0.7341657998040318,1.0727327488017846,0.08370649557164588,0.22,0.45643301189012914,51.27726104071722,0.3901112805357155,0.7593591063056706,1.09765380335059
2057,medium_immigration,0.284740308620208,0.381035379306426,0.323417723982404,0.0108065880909622,51.0764801525119,0.731258044950664,1.0696180355509604,0.0835998137582992,0.22,0.4580908345729983,51.3150000155688,0.3904780103651886,0.7593856724210294,1.0944228046081173
2058,medium_immigration,0.284706108660987,0.379247467081765,0.325201066833574,0.010845357423674,51.133284615317,0.7283635111525655,1.0665264664800986,0.08349395459491421,0.22,0.45973586553237517,51.35244783652626,0.3908431957135089,0.7594121157549091,1.0912281558879735
2059,medium_immigration,0.284672171758299,0.377473304342679,0.326970695537452,0.0108838283615699,51.1896523177553,0.7254820922389627,1.0634577801562979,0.08338890952567313,0.22,0.461368245745375,51.38960767000669,0.39120684793546295,0.759438437304289,1.088057342492683
2060,medium_immigration,0.284638496537363,0.375712732818892,0.328726767672467,0.0109220029712783,51.2455881374297,0.7226136876270175,1.0604117237047899,0.08328466954325893,0.22,0.46298811909876636,51.426482754669486,0.39156897771513643,0.7594646380146969,1.0849100988622067
2061,medium_immigration,0.284284475653435,0.374888520747023,0.329727760542055,0.0110992430574866,51.2903577415073,0.7220479315146804,1.059811958966791,0.08316145328484197,0.22,0.4641016318915723,51.45810380015931,0.3916404172911295,0.7594698055393976,1.0842660037269551
2062,medium_immigration,0.283932547471727,0.374069143587499,0.330722869156701,0.0112754397840728,51.3348640102924,0.7214834410697222,1.0592138740649895,0.08303896334109238,0.22,0.4652085959259374,51.48953871579301,0.3917117016748034,0.7594749614280949,1.0836210165522029
2063,medium_immigration,0.283582672374183,0.373254575682222,0.331712148199499,0.011450603744096,51.3791096642793,0.7209202917292714,1.0586175463969398,0.08291718958484247,0.22,0.4663090758931081,51.52078961163671,0.3917828213051425,0.759480104992291,1.0829752092201967
2064,medium_immigration,0.283234849984629,0.372444760719708,0.332695645270109,0.0116247440255545,51.4230964933148,0.7203584080561996,1.058022893560097,0.08279612883620231,0.22,0.4674031228684028,51.55185772345061,0.39185378567440066,0.7594852369215177,1.0823313643819497
2065,medium_immigration,0.282889058746492,0.371639668456934,0.33367340295697,0.0117978698396028,51.4668268739139,0.7197978207841516,1.0574299456074976,0.08267577468935962,0.22,0.46849078670494176,51.58274456118362,0.3919245908670244,0.7594903569355826,1.0816895103392876
2066,medium_immigration,0.282419404143992,0.37129250352547,0.334270422870402,0.0120176694601365,51.4894195788312,0.7202996956184506,1.0579607762803682,0.0825533566055791,0.22,0.46929637247588585,51.609607803422364,0.39186120115833334,0.7594857731635616,1.082197424337547
2067,medium_immigration,0.281951438266628,0.370946579700527,0.334865300647556,0.0122366813852885,51.5119310446844,0.7208015201613307,1.0584918201976012,0.08243137830218714,0.22,0.47009906808956586,51.636374625536405,0.3917978214478007,0.7594811897911812,1.0827053230572394
2068,medium_immigration,0.281485144911881,0.370601892232529,0.335458052428423,0.0124549104271669,51.5343621062895,0.721303322352469,1.0590231070015712,0.08230983595340291,0.22,0.47089889483324876,51.66304578063912,0.391734448207821,0.7594766065632704,1.0832131976558046
2069,medium_immigration,0.28102051613224,0.370258434702906,0.336048686368574,0.01267236279628,51.5567131623028,0.7218050910159945,1.0595546249489873,0.08218872745775262,0.22,0.4716958668285326,51.68962176034382,0.39167108285112606,0.7594720235819143,1.0837213997149957
2070,medium_immigration,0.280557550671916,0.369916191504838,0.336637217724146,0.0128890400991003,51.5789844937975,0.7223067982122302,1.0600863445017388,0.08206805168058762,0.22,0.47248999944013437,51.71610294074697,0.3916077289069389,0.7594674411023218,1.084229898336299
2071,medium_immigration,0.280257287809965,0.370547613696372,0.336119737793554,0.0130753607001089,51.5798881239373,0.724089483730495,1.061977830537651,0.08203672207149276,0.22,0.47223699547280196,51.716690720550005,0.3913826467635741,0.7594511579750881,1.086129177131691
2072,medium_immigration,0.279957612616424,0.371177797887179,0.335603264335145,0.0132613251612523,51.5807900860467,0.7258701464161277,1.0638705394714347,0.08200545365940813,0.22,0.471984488654294,51.71727748333368,0.3911578661377471,0.7594348925726332,1.0880427061878508
2073,medium_immigration,0.279658509971877,0.371806793859859,0.335087762453981,0.0134469337142833,51.5816901116401,0.7276488980278373,1.0657645849269834,0.08197424585610519,0.22,0.47173245005565634,51.717862802857425,0.3909333728547124,0.759418643876603,1.0899706178077764
2074,medium_immigration,0.279359981358352,0.372434574381103,0.334573257988534,0.0136321862720104,51.5825884412961,0.7294256826862693,1.067659902377846,0.08194309748979811,0.22,0.47148090263073716,51.71844716729581,0.3907091739016392,0.7594024123999139,1.0918998155351258
2075,medium_immigration,0.27906202543062,0.373061164223826,0.334059726030368,0.0138170843151867,51.5834848917824,0.7312005506828427,1.0695565404129836,0.08191200962704683,0.22,0.47122982549640613,51.71903014718474,0.3904852628666773,0.7593861976856034,1.093830348865338
2076,medium_immigration,0.278847039659347,0.37365710456487,0.333722279821786,0.0137735759539973,51.5872055378248,0.7327267890796065,1.0711901850209173,0.08189748947612419,0.22,0.4709192142493029,51.714716468994084,0.3902927549435671,0.7593722537871482,1.095491907430532
2077,medium_immigration,0.278632616650661,0.374251471636031,0.333385730989272,0.0137301807240362,51.5909164342097,0.7342495461925864,1.0728225900572688,0.08188300660312713,0.22,0.4706094280443782,51.71041434048199,0.3901007201702457,0.7593583411440101,1.0971546219458181
2078,medium_immigration,0.278418770784547,0.374844268043324,0.333050059338625,0.0136869018335034,51.5946171127543,0.7357687884941697,1.0744537062347945,0.08186856431498316,0.22,0.4703004494372336,51.70612320396475,0.38990916259381425,0.7593444600663078,1.0988184498211007
2079,medium_immigration,0.278205477189409,0.375435507870319,0.33271527838826,0.0136437365520127,51.5983084631314,0.7372845942154527,1.0760836043022866,0.08185415791453754,0.22,0.4699922918678341,51.70184368178697,0.3897180721704999,0.7593306098430181,1.1004810304696961
2080,medium_immigration,0.277992748802741,0.376025192306145,0.33238137406365,0.0136006848274653,51.6019898129724,0.7387969410046935,1.0777122471121516,0.081839790313441,0.22,0.4696849406815927,51.69757526446279,0.3895274515399129,0.7593167906820961,1.1021423257629137
2081,medium_immigration,0.278004506022302,0.375907287082599,0.332463927830512,0.0136242790645866,51.6051247070423,0.7385685397312045,1.0774661243709003,0.08183589211444939,0.22,0.46977871030224344,51.69974021268983,0.3895562377444585,0.7593188777473918,1.1018863630213367
2082,medium_immigration,0.278016220211925,0.375789793314566,0.332546190539496,0.0136477959340138,51.6082490517657,0.7383409095928073,1.0772208885204857,0.08183200707892463,0.22,0.46987215479437006,51.7018977330687,0.3895849275260063,0.7593209577539776,1.1016328648808198
2083,medium_immigration,0.27802790402277,0.375672665913962,0.332628195515816,0.0136712345474529,51.6113631352903,0.7381139500066638,1.0769764306555192,0.0818281355102773,0.22,0.46996530145352655,51.704048243615205,0.3896135335542565,0.7593230316210616,1.101381715112182
2084,medium_immigration,0.278039535162014,0.375555938503363,0.332709930902845,0.0136945954317776,51.6144672460654,0.7378877671435475,1.0767328645891983,0.08182427435332805,0.22,0.4700581434268583,51.70619191339085,0.3896420424399824,0.759325098378614,1.1011314818130744
2085,medium_immigration,0.2780511449101,0.375439588265704,0.3327913870034,0.0137178798207959,51.617560666644,0.7376622464507818,1.0764900664266865,0.08182042923483572,0.22,0.4701506684052613,51.70832803867552,0.38967046861443233,0.7593271590734813,1.1008820378687272
2086,medium_immigration,0.278245292555904,0.374995792386958,0.332959783900028,0.01379913115711,51.6139934940957,0.7364421179518104,1.075177411184662,0.08183873294358157,0.22,0.47034622966803863,51.7107765585641,0.3898242749730229,0.7593383077861525,1.0995385007295309
2087,medium_immigration,0.27843884014264,0.374553378459426,0.333127657532542,0.0138801238653926,51.6104375656314,0.7352263620123267,1.0738710521288128,0.08185698064664922,0.22,0.47054117723674516,51.71321722604914,0.3899775519380942,0.7593494161944445,1.0982046763868392
2088,medium_immigration,0.278631770079954,0.374112371722052,0.333294995652387,0.0139608625456073,51.6068929271321,0.7340150596573949,1.0725710570969498,0.08187516986230274,0.22,0.4707355068662018,51.715650244289584,0.3901302890303658,0.7593604835618385,1.0968806116830578
2089,medium_immigration,0.278824092387465,0.373672765384154,0.333461796635189,0.0140413455931919,51.6033590705484,0.7328081661835313,1.0712773589228588,0.08189330242137077,0.22,0.47092921414742317,51.718075356515484,0.39028249162309925,0.7593715103005908,1.095562956650788
2090,medium_immigration,0.279015807759469,0.373234529192142,0.333628086100379,0.0141215769480091,51.5998368100802,0.731605620123446,1.0699898728414394,0.08191137681265098,0.22,0.47112232557962896,51.720493183131104,0.3904341672087021,0.7593824969760478,1.0942516246630793
2091,medium_immigration,0.279001066794838,0.372740183936744,0.334207004123785,0.0140517451446318,51.6092760000694,0.730799107812345,1.0691272607366387,0.08188094481138529,0.22,0.47158271432234944,51.73019964047724,0.3905359034378665,0.7593898652244959,1.0933747729415724
2092,medium_immigration,0.278986379727491,0.372247777992489,0.334783654071819,0.0139821882082011,51.6186783873733,0.7299950206652284,1.0682679347804267,0.08185063132963492,0.22,0.4720413010928944,51.739868176555426,0.3906373432266772,0.7593972111633419,1.0924941434636464
2093,medium_immigration,0.27897175329582,0.371757296027186,0.335358047458802,0.0139129032181916,51.6280438370919,0.7291933195665479,1.0674118464127729,0.08182043700657564,0.22,0.4724980926149213,51.74949881465402,0.3907384914169701,0.7594045351513096,1.091609729653228
2094,medium_immigration,0.278957184481208,0.371268723012339,0.335930203342565,0.0138438891638881,51.6373728916749,0.7283939933404326,1.0665589770357091,0.08179036035154441,0.22,0.47295310558362663,51.759091957928746,0.390839349327251,0.7594118372918526,1.0907286568638621
2095,medium_immigration,0.278942671641472,0.370782055353294,0.336500128875833,0.0137751441294004,51.6466656438716,0.7275970531627536,1.0657093319381712,0.08176040080555502,0.22,0.4734063449584893,51.76864771973759,0.3909399154562279,0.7594191174842266,1.0898509302163863
2096,medium_immigration,0.278642022104138,0.370507329556238,0.337078524395567,0.0137721239440568,51.6669852776642,0.7278415421023965,1.0659699179366033,0.08167914798850345,0.22,0.4739692801900407,51.78538488138265,0.3909090623352718,0.7594168840496358,1.0901086240445177
2097,medium_immigration,0.278342624043366,0.370233743892107,0.337654514839202,0.0137691172253244,51.68722022285,0.7280855840072036,1.0662300910111189,0.08159823320360642,0.22,0.47452987525156887,51.8020524513975,0.3908782664974534,0.7594146546846333,1.0903583920880384
2098,medium_immigration,0.278044464249211,0.369961291011107,0.338228122667348,0.0137661220723333,51.7073714925322,0.7283291984349489,1.0664898716864608,0.0815176531404373,0.22,0.4750881506283315,51.8186510521919,0.3908475254703106,0.7594124292106309,1.0906002820223994
2099,medium_immigration,0.277747541993441,0.369689972158092,0.338799345441249,0.0137631404072174,51.7274391344283,0.7285723825916648,1.0667492566644332,0.08143740770725208,0.22,0.47564410596460366,51.835180706359864,0.3908168396020504,0.7594102076532266,1.0908418540313292
2100,medium_immigration,0.277451846285389,0.369419766911728,0.339368216363937,0.0137601704389475,51.7474239997004,0.7288151225075126,1.0670082307196251,0.08135749336293062,0.22,0.4761977711797878,51.8516422156724,0.39078621065099883,0.7594079901401145,1.0910830921492696
2020,high_immigration,0.31886598407606,0.383868770453639,0.291250211726979,0.0060150337433209,49.5040238818664,0.6639564363285899,1.0,0.09126329887168334,0.22,0.41970882331186093,49.928308042379754,0.39899999999999997,0.7599999999999999,1.0
2021,high_immigration,0.318223608926294,0.380222930875871,0.295311781895945,0.0062416783018909,49.6173584069879,0.659508322365582,0.995561764244015,0.09092145516195757,0.22,0.4236645728391082,50.027693669916474,0.39956546061705744,0.7600405644535163,1.008183227881557
2022,high_immigration,0.317591531638809,0.37663542849988,0.299308343882478,0.0064646959788329,49.7288788446516,0.6550909588113427,0.9911737049526278,0.09058508552803138,0.22,0.42755700612935854,50.12548830132479,0.40012727719771574,0.7600808438362837,1.0161548707591128
2023,high_immigration,0.316969483533339,0.373104881340249,0.30324146148853,0.0066841736378813,49.8386289411471,0.6507040467113256,0.9868350366694832,0.09025405485104826,0.22,0.43138764908376936,50.221730563892514,0.4006854809339377,0.7601208409702771,1.0116150208685208
2024,high_immigration,0.316357230627638,0.369629946034243,0.30711263063569,0.006900192702429,49.9466503345144,0.6463472256436944,0.9825449254012224,0.08992823776996371,0.22,0.4351579564101614,50.31645695415422,0.4012401110057391,0.7601605592358956,1.0071272025907902
2025,high_immigration,0.315754543135848,0.366209308819158,0.310923311334498,0.0071128367104942,50.0529839103252,0.6420201351866126,0.9783025498217235,0.08960751147494025,0.22,0.43886935177011577,50.4097032414826,0.4017912067657833,0.760200002011408,1.00269050704907
2026,high_immigration,0.314325894818543,0.366538588603669,0.311598343745939,0.0075371728318484,50.1198268390875,0.6452629650011659,0.981480167950705,0.08931131923328126,0.22,0.4400730806972272,50.46114748696562,0.4013781784356585,0.760170443025864,1.0058602558594314
2027,high_immigration,0.312913057417045,0.366864214437128,0.312265915799751,0.0079568123460761,50.1859302910596,0.6484940769150853,0.9846565691049619,0.08901840442579195,0.22,0.44126349671868764,50.51202258775206,0.4009667818105277,0.7601409883706614,1.0090321921093075
2028,high_immigration,0.311515750686577,0.367186273526579,0.312926139996701,0.0083718357901422,50.2513066902855,0.6517136273905635,0.9878318293427464,0.08872871019500879,0.22,0.44244081560517234,50.562338154518216,0.400556995996725,0.7601116366463291,1.0122061875443127
2029,high_immigration,0.310133752508536,0.367504787332936,0.313579142387347,0.0087823177711808,50.3159672601612,0.6549215773120522,0.9910058326820554,0.0884421888551894,0.22,0.44360525126639466,50.61210287086857,0.4001488250013406,0.7600823882360705,1.015379261376945
2030,high_immigration,0.308766785860204,0.367819848259585,0.314225033473055,0.009188332407156,50.3799242953004,0.6581181054934859,0.994178679099059,0.08815878454352206,0.22,0.4447570114131594,50.66132605532579,0.39974224510338646,0.7600532415358959,1.018551510659124
2031,high_immigration,0.307050385846471,0.370249704109914,0.313211782626203,0.0094881274174112,50.4064121393787,0.6654657209292054,1.0015104241438446,0.08791481861226888,0.22,0.4443723611622821,50.68024178644181,0.39880819528940487,0.7599862350543711,1.0259846460591615
2032,high_immigration,0.305349687746675,0.372657335821681,0.312207796414592,0.0097851800170522,50.4326576377302,0.6727896295487881,1.0088723209943062,0.08767308477446095,0.22,0.4439912256264785,50.69898438324513,0.39787789145067154,0.7599194320273993,1.0334534103558353
2033,high_immigration,0.303664456473963,0.375043064543872,0.311212948098067,0.0100795308840978,50.4586644461721,0.680090214125812,1.0162646299563012,0.08743354897418483,0.22,0.4436135626128539,50.71755666563196,0.3969512840340452,0.7598528290869738,1.040958069941921
2034,high_immigration,0.301994497762944,0.377407162422649,0.310227124267417,0.0103712155469907,50.48443586925,0.687367700971663,1.0236874594441758,0.08719618344109338,0.22,0.4432393311685254,50.73596084868007,0.3960283433600658,0.7597864242898351,1.0484936234688282
2035,high_immigration,0.300339601374637,0.37974996254288,0.30925016803822,0.0106602680442639,50.5099742854081,0.6946224672719836,1.0311410771630218,0.08696096024227853,0.22,0.44286845226803995,50.754198512058345,0.39510902061675546,0.7597202143136966,1.0560603438687033
2036,high_immigration,0.299204042512136,0.381945023560312,0.307919484106165,0.0109314498213868,50.5302717666333,0.7005736771970987,1.0372959103624253,0.08683186564848709,0.22,0.4420852341579762,50.75572815771321,0.39435543747554463,0.7596658918130489,1.062296612725192
2037,high_immigration,0.298074555761762,0.384128354621768,0.306595907563055,0.0112011820534154,50.5504606195191,0.7065117191523314,1.0434737409540802,0.08670346177178488,0.22,0.4413061972905591,50.75724947805946,0.39360402213286405,0.7596116811419084,1.068571142909755
2038,high_immigration,0.296951068091089,0.386300062157777,0.305279393079556,0.0114694766715781,50.5705424491667,0.7124368166550994,1.0496747773418946,0.08657573839871732,0.22,0.4405313225623574,50.7587632084802,0.39285474621607175,0.759557580315286,1.074884212157584
2039,high_immigration,0.295833571102799,0.38846022655396,0.303969856599785,0.0117363457434554,50.5905168360559,0.7183490032330155,1.0558990318183796,0.08644869810308359,0.22,0.4397605464434965,50.76026818287208,0.392107605385638,0.759503589081969,1.0812208157440626
2040,high_immigration,0.294721989580413,0.390608937631894,0.30266727153758,0.0120018012501134,50.6103857348563,0.7242484940215945,1.0621467093680061,0.08632232927744503,0.22,0.43899386707186216,50.76176555122286,0.3913625723427788,0.7594497055315723,1.0875811635126484
2041,high_immigration,0.293644418805179,0.391687375214779,0.302597144976532,0.0120710610035092,50.6329557264256,0.7283746926113963,1.0665383918685472,0.08614457777395222,0.22,0.43915472256126026,50.781332931047,0.3908417847827121,0.7594120136092746,1.0920408974070566
2042,high_immigration,0.292571672232722,0.392760971214801,0.302527346021445,0.0121400105310313,50.655424994486,0.7325017461553216,1.0709491483720284,0.0859676213080129,0.22,0.4393148700623204,50.80081297755268,0.3903211379737909,0.7593743098411989,1.0965123963489758
2043,high_immigration,0.291503724586868,0.393829784310589,0.302457839757746,0.0122086513447982,50.6777932645644,0.7366297105327249,1.0753791254096217,0.08579145754619337,0.22,0.4394742833042596,50.82020548090114,0.38980062609310084,0.7593365937144094,1.1009957334501974
2044,high_immigration,0.290440529580823,0.394893816157201,0.302388669470417,0.0122769847915591,50.70006246341,0.7407586136832833,1.0798284407436871,0.08561607639642713,0.22,0.4396330093986551,50.839512157886496,0.389280246850962,0.7592988649710696,1.105498670776917
2045,high_immigration,0.289382090710484,0.395953105628258,0.302319787435766,0.0123450162254916,50.7222317720074,0.7448884164914489,1.084297140343447,0.08544148076586067,0.22,0.4397910096885593,50.85873215615933,0.3887600064087943,0.7592611239660634,1.110021253637327
2046,high_immigration,0.288925771090532,0.395097247225682,0.303768617666277,0.0122083640175092,50.7337317508848,0.7445637295022607,1.0839451403175702,0.08529401823732956,0.22,0.4410404178518278,50.89152646177527,0.38880089879099233,0.7592640913275417,1.109608802543094
2047,high_immigration,0.288473622701139,0.394249199981426,0.30520421605035,0.0120729612670851,50.7451266238524,0.7442406630143523,1.0835950105286483,0.08514790299322901,0.22,0.4422784161805208,50.92402124238317,0.3888415886340912,0.7592670438542314,1.1092024531039715
2048,high_immigration,0.288025598294487,0.393408858136186,0.306626754678091,0.0119387888912358,50.7564175467811,0.7439191779121757,1.0832467068661895,0.08500311882227736,0.22,0.44350514946822106,50.956220184590975,0.388882080841108,0.7592699819039797,1.108802239833928
2049,high_immigration,0.287581618754485,0.392576127487281,0.308036424055318,0.0118058297029172,50.7676065388872,0.7435993384569883,1.0829002972303197,0.08485964313778716,0.22,0.44472078556923894,50.988127958841915,0.3889223672945164,0.7592729048898724,1.1084043905134273
2050,high_immigration,0.287141638950333,0.391750890900729,0.309433399782245,0.0116740703666929,50.7786950094952,0.7432810859754682,1.0825557163582544,0.08471745956861336,0.22,0.4459254772914941,51.0197484601982,0.38896245536121227,0.7592758133484873,1.108008831998918
2051,high_immigration,0.287784137586958,0.388843388288858,0.311774238590171,0.0115982355340133,50.8029588506324,0.7370640691369772,1.0758463270447562,0.08469889662501795,0.22,0.44786760607372217,51.053008547819076,0.3897458706157845,0.7593326248590816,1.1010994777831706
2052,high_immigration,0.28841945633501,0.385968373196903,0.31408892268472,0.0115232477833659,50.8269514982613,0.7309115370735526,1.0692474686820186,0.08468054091953187,0.22,0.4497880349710258,51.08589702522433,0.39052172065394264,0.7593888380867067,1.0943221164761023
2053,high_immigration,0.289047702524118,0.383125321039393,0.316377883997989,0.0114490924385001,50.8506778122163,0.7248224252834916,1.0627564835367245,0.08466238721247257,0.22,0.45168712341422257,51.118420205161975,0.3912901188474789,0.759444463036511,1.0876735234706953
2054,high_immigration,0.289669018557916,0.380313676145244,0.31864154698382,0.011375758313021,50.87414172239,0.7187955575063825,1.0563706533377475,0.08464443627072993,0.22,0.45356522198346955,51.150583743460054,0.3920511934497576,0.7594995107253327,1.0811326755052293
2055,high_immigration,0.290283510328612,0.377532931163254,0.320880329151843,0.0113032293562913,50.8973475669742,0.7128299055621028,1.0500874739607462,0.08462668348627361,0.22,0.4554226761080291,51.18239364765305,0.3928050547774087,0.7595539908083225,1.0746970064662322
2056,high_immigration,0.291266765635539,0.37517354402654,0.322230110589303,0.0113295797486182,50.9320196859302,0.7067407378926873,1.0437127433627986,0.08471323336127828,0.22,0.4565137064587982,51.19298599549699,0.3935750515574093,0.7596095901742672,1.0681677608776583
2057,high_immigration,0.292239220425011,0.372840069318847,0.323565068788859,0.0113556414672826,50.9663111805368,0.7007308239117265,1.0374589308155642,0.084798832306039,0.22,0.45759275616677575,51.20346208309159,0.39433554526671577,0.7596644572678576,1.0617772206521616
2058,high_immigration,0.293201057684062,0.370532090480085,0.324885431764027,0.0113814200718253,51.0002276685355,0.6947985179722309,1.0313226262521635,0.08488349766689832,0.22,0.4586600079996578,51.2138234380001,0.3950867206904044,0.7597186074476576,1.0555214667709363
2059,high_immigration,0.294152448631196,0.368249185343212,0.326191450126876,0.0114069158987147,51.0337754193552,0.6889422191306949,1.025300543520078,0.08496724389273978,0.22,0.45971566212835224,51.22407208640232,0.3958287580071891,0.7597720556507073,1.0493820615315939
2060,high_immigration,0.295093553715762,0.365990947340397,0.327483361128645,0.0114321378151963,51.0669610972017,0.683160393498838,1.0193895392220977,0.08505008392118948,0.22,0.4607599159920929,51.23421023591057,0.3965618299028941,0.7598248161891759,1.0433558047954685
2061,high_immigration,0.29488975166551,0.365514401593066,0.327995178189223,0.011600668552201,51.0937303708615,0.6827993514016271,1.019021563116412,0.08497903745403083,0.22,0.46140279931745515,51.25315330048017,0.3966076215215419,0.7598281105215636,1.0430024940267395
2062,high_immigration,0.294687829071622,0.365042256306628,0.328502272484249,0.0117676421375007,51.1202524254807,0.6824409300461411,1.0186563894734157,0.08490864649262138,0.22,0.4620397487988315,51.271921526125354,0.3966530825390754,0.7598313809103981,1.0426303767528025
2063,high_immigration,0.294487772505042,0.364574460798758,0.329004691617933,0.0119330750782678,51.146529923256,0.6820850847288966,1.018293969853827,0.08483890529504093,0.22,0.46267082415082444,51.29051660340764,0.39669821858599497,0.7598346277642354,1.0422396452018696
2064,high_immigration,0.294289549481839,0.364110942141933,0.329502515455513,0.0120969929207146,51.1725667964897,0.6817317819222808,1.0179342672820233,0.0847698027038109,0.22,0.46329612511632895,51.30894147725985,0.39674303387634563,0.7598378513896404,1.041851890872864
2065,high_immigration,0.294093134416492,0.363651670278752,0.329995781077669,0.0122594142270876,51.1983656218806,0.6813810495659709,1.0175773074002403,0.0847013314369596,0.22,0.4639157056118072,51.32719790319097,0.3967875248277602,0.7598410515323267,1.0414671373047042
2066,high_immigration,0.293534659867515,0.363914109633305,0.330081592422829,0.0124696380763508,51.2086088438694,0.6830181526020169,1.0192445506517256,0.08459290120068506,0.22,0.46426590846913457,51.34509926210375,0.39657987035535114,0.7598261140714141,1.0431542619845429
2067,high_immigration,0.292980042082814,0.364174747803748,0.33016680006361,0.0126784100498281,51.2187811395341,0.6846487512812018,1.0209078852168103,0.08448522038742522,0.22,0.4646136827896722,51.36287677134271,0.396373077954849,0.7598112353267555,1.0448318080367929
2068,high_immigration,0.292429242080774,0.364433585849704,0.330251426799355,0.0128857452701663,51.2288834882295,0.6862728511914611,1.0225672887754085,0.084378280479504,0.22,0.4649590685504531,51.38053203031359,0.39616714654227886,0.7597964152549123,1.0464997422725073
2069,high_immigration,0.291882217430638,0.364690650873189,0.330335474829268,0.0130916568669057,51.2389166120414,0.6878905221819878,1.0242228048935003,0.08427207363276576,0.22,0.4653020859119607,51.39806622598986,0.39596206688831226,0.7597816532259792,1.0481638087727674
2070,high_immigration,0.291338947814412,0.364945958965933,0.330418932180687,0.0132961610389678,51.248880547782,0.6895017558708787,1.0258743973750937,0.08416659626229696,0.22,0.4656427417255276,51.415479968550045,0.39575783968511985,0.7597669493238559,1.049823969560583
2071,high_immigration,0.290917364215362,0.366228553847397,0.329383539801183,0.0134705421360572,51.2407245643533,0.692581077106297,1.029038262971022,0.08414439058898648,0.22,0.4649310691112119,51.407468457404526,0.39536763054120727,0.7597388461400263,1.0530317734433439
2072,high_immigration,0.290498162044465,0.367503918123591,0.328353980117673,0.0136439397142695,51.2326144631722,0.6956443134695292,1.0321952832783783,0.08412231114657981,0.22,0.4642234035420786,51.39950192786047,0.39497959186131887,0.7597108875232663,1.0562442992318921
2073,high_immigration,0.290081308608841,0.368772113239858,0.327330215514854,0.0138163626364468,51.2245501418581,0.6986916298046708,1.0353455062513481,0.08410035412213722,0.22,0.4635197240448446,51.39158047005398,0.3945937011376811,0.7596830720039431,1.0594616202548186
2074,high_immigration,0.289666796475984,0.370033197432927,0.326312187344496,0.0139878187465925,51.2165309067769,0.7017231350764632,1.0384889238478432,0.08407852108352745,0.22,0.46281998601058216,51.38370328033125,0.394209942959803,0.7596553986218842,1.0626719745444841
2075,high_immigration,0.289254608087133,0.371287232708434,0.325299842582338,0.0141583166220962,51.2085562292513,0.7047389606013894,1.0416255526369629,0.08405681157813313,0.22,0.4621241520709208,51.37586986709593,0.3938282991043352,0.7596278662123597,1.0658753791802933
2076,high_immigration,0.289050514874763,0.372472480481869,0.324388737993873,0.0140882666494952,51.2037624674144,0.7071759095415473,1.0441670363988196,0.08407709969895065,0.22,0.46127172694781693,51.35908288237872,0.3935200049672134,0.7596056169724252,1.068469784687583
2077,high_immigration,0.288847770918795,0.373649920263344,0.323483631467186,0.0140186773506747,51.1990000803616,0.709595032967627,1.0466960631178475,0.08409725521661883,0.22,0.46042491229825544,51.342406297460364,0.3932140497623971,0.7595835290864482,1.0710574695403872
2078,high_immigration,0.288646356664029,0.374819621770503,0.32258447678311,0.013949544782358,51.1942691563404,0.7119965376332402,1.0492127292801545,0.08411727766346404,0.22,0.45958366590931693,51.32583940990361,0.39291040571954355,0.7595616006971752,1.073638539464231
2079,high_immigration,0.288446260673294,0.375981669653171,0.32169120395618,0.0138808657173556,51.1895692376615,0.7143806358799338,1.0517171397024485,0.08413716917904908,0.22,0.4587479236051879,51.309380921720326,0.39260904439425814,0.7595398298956284,1.076207057824122
2080,high_immigration,0.288247478049963,0.377136131961015,0.320803756530863,0.0138126334581578,51.1848996876639,0.7167474925518036,1.0542093516222284,0.08415693242884768,0.22,0.4579176292826243,51.29302958521666,0.39230994337642305,0.7595182152059041,1.0787630829559292
2081,high_immigration,0.288413218929404,0.376896318966826,0.320880220408779,0.0138102416949913,51.1815739692034,0.7159749465063214,1.0533952408660352,0.08418020570764431,0.22,0.4579594330539827,51.29158544860826,0.3924075615849678,0.7595252704233715,1.0779357490794539
2082,high_immigration,0.288577718512433,0.376658301533312,0.320956109700234,0.0138078702540207,51.1782733862588,0.7152086617425084,1.0525883493365122,0.08420330465706742,0.22,0.4580009241819643,51.290152162784715,0.3925043971207057,0.7595322683204272,1.07711628275962
2083,high_immigration,0.288740974575497,0.376422076308175,0.321031434346191,0.013805514770137,51.1749975368056,0.7144486187025905,1.0517886408326385,0.08422622860355897,0.22,0.4580421080183707,51.288729832341794,0.392600452241246,0.7595392090790827,1.0763046392938473
2084,high_immigration,0.288903018747578,0.376187612576122,0.321106190360546,0.013803178315754,51.1717460698525,0.7136946860700846,1.0509959619046187,0.08424898281615387,0.22,0.4580829789965334,51.287317917758806,0.3926957433330896,0.759546093901865,1.0755001286474897
2085,high_immigration,0.289063856821507,0.375954889493292,0.321180395534763,0.0138008581504377,51.1685188747705,0.712946810759604,1.0502102418202437,0.0842715674228626,0.22,0.4581235497934547,51.285916589907224,0.392790276901336,0.7595529232768039,1.0747026793498828
2086,high_immigration,0.289410457101224,0.375274360585668,0.321457347311434,0.0138578350016735,51.160908218344,0.7110392544418573,1.0482088161614713,0.08431039039448102,0.22,0.4583720955166132,51.287127914508275,0.3930314338181598,0.7595703419135608,1.0726611060682965
2087,high_immigration,0.289754389570626,0.374599061140666,0.321732172951477,0.0139143763372303,51.1533562601397,0.7091482328251004,1.046228503628266,0.08434891406827434,0.22,0.45861873592424274,51.28833011982907,0.3932705518762971,0.7595876087142758,1.0706434230354331
2088,high_immigration,0.290095690755911,0.373928923706644,0.322004903037404,0.0139704825000404,51.1458619934278,0.7072734972462058,1.0442689392353328,0.08438714277016583,0.22,0.4588634933703133,51.28952318877084,0.39350766108195867,0.7596047259715287,1.0686492255228084
2089,high_immigration,0.290434388258837,0.373263903192558,0.322275545228683,0.0140261633199227,51.1384249834465,0.7054148716852069,1.0423298368831286,0.08442508009253483,0.22,0.4591063794549196,51.290707091301684,0.393742782294233,0.7596216953140477,1.0666758411825499
2090,high_immigration,0.290770512069365,0.372603935426874,0.322544132833849,0.0140814196699122,51.1310444344137,0.7035721270367503,1.0404108577915359,0.08446272910373837,0.22,0.4593474204429804,51.291881995395414,0.39397594312471357,0.7596385188547028,1.0647229255739818
2091,high_immigration,0.290773704214159,0.37191730254951,0.323323215068809,0.0139857781675227,51.1419002477328,0.7024214146658778,1.039214332706824,0.08442566656733802,0.22,0.45996203828057475,51.30449071173787,0.39412156623058786,0.7596490240020549,1.0635092306774296
2092,high_immigration,0.290776859948253,0.371236312429297,0.324095903998899,0.0138909236235513,51.1526672266323,0.7012789053842425,1.0380276986853685,0.08438890637222698,0.22,0.4605716158679673,51.31699620140188,0.3942661698395138,0.7596594539507874,1.062294938985988
2093,high_immigration,0.290779988805675,0.370560904268498,0.3248622605836,0.0137968463422272,51.1633460752329,0.7001444986090064,1.0368508206864933,0.08435244727201589,0.22,0.46117619791239334,51.32939922101063,0.39440976626229785,0.75966980962574,1.0610800331103907
2094,high_immigration,0.290783096554764,0.369891018235496,0.325622349192769,0.0137035360169709,51.1739372451958,0.6990181105211377,1.035683581778587,0.08431628724500036,0.22,0.4617758322055514,51.34170064266462,0.3945523656975837,0.7596800917985725,1.0598751011262373
2095,high_immigration,0.29078618122848,0.369226559542322,0.326376275611942,0.0136109836172548,51.1844427145655,0.6978996237739921,1.0345258310032774,0.0842804206450933,0.22,0.46237060612200515,51.35390234106665,0.3946939825984078,0.7596903015468502,1.0586799875069324
2096,high_immigration,0.290420170011509,0.36895609635169,0.327041619013531,0.0135821146232701,51.208148681697,0.6982525801286101,1.0348910379166056,0.08418502270187493,0.22,0.46299833477139457,51.37273390107896,0.3946492912132766,0.7596870797297623,1.0590434817333845
2097,high_immigration,0.290057218643465,0.368687896731534,0.327701396762352,0.0135534878626495,51.2316563656395,0.698603524826467,1.0352542911763964,0.08409042242179667,0.22,0.46362081336598165,51.39140798879723,0.3946048562908737,0.7596838762459781,1.0593965449109772
2098,high_immigration,0.289697296909399,0.368421932117017,0.328355672011743,0.0135250989618409,51.2549679249269,0.6989524690434337,1.035615600209075,0.08399661158650372,0.22,0.46423809933981564,51.40992626265651,0.394560676386961,0.759680690993983,1.05973924936267
2099,high_immigration,0.28934036281533,0.368158177911653,0.329004512561193,0.0134969467118235,51.2780857917271,0.6992994295433164,1.0359749802571452,0.08390357960451351,0.22,0.46485025892341547,51.428290776666174,0.39451674935022,0.759677523821247,1.0600801865017448
2100,high_immigration,0.288986378770696,0.367896604568806,0.329647990270842,0.0134690263896574,51.3010127350482,0.6996444342657924,1.036332458179941,0.08381131658083746,0.22,0.4654573581788452,51.44650348181428,0.39447307161496487,0.7596743744732136,1.0604193815296212
